{
  "total_requests": 592,
  "completed_requests": 260,
  "rejected_requests": 0,
  "simulation_time": 60.724906420670145,
  "throughput": {
    "requests_per_sec": 4.281603963270969,
    "tokens_per_sec": 562.9650503399282
  },
  "xpu_utilization": 1.0,
  "memory": {
    "peak_memory_gb": 79.71802115440369,
    "p95_memory_gb": 79.60131049156189,
    "p50_memory_gb": 57.22425436973572
  },
  "first_token_latency": {
    "mean": 14.792650114954357,
    "p50": 14.224217669264938,
    "p90": 26.37084866995965,
    "p95": 27.5813544698756,
    "p99": 29.264909884296056
  },
  "end_to_end_latency": {
    "mean": 19.378503328893405,
    "p50": 18.769203675141497,
    "p90": 31.636731751824215,
    "p95": 32.85447237110458,
    "p99": 34.60357770804261
  }
}