{
  "total_requests": 592,
  "completed_requests": 56,
  "rejected_requests": 0,
  "simulation_time": 60.01385238881658,
  "throughput": {
    "requests_per_sec": 0.9331179014669528,
    "tokens_per_sec": 128.65363066475612
  },
  "xpu_utilization": 1.0,
  "memory": {
    "peak_memory_gb": 79.76944637298584,
    "p95_memory_gb": 79.7143087387085,
    "p50_memory_gb": 75.9451208114624
  },
  "first_token_latency": {
    "mean": 27.557899081995323,
    "p50": 27.89621324327116,
    "p90": 49.27445566963256,
    "p95": 49.750027910337835,
    "p99": 49.96122486276407
  },
  "end_to_end_latency": {
    "mean": 31.043802458408216,
    "p50": 31.80016598213781,
    "p90": 49.25347229440961,
    "p95": 52.17518339797479,
    "p99": 52.68665389935191
  }
}