{
  "total_requests": 592,
  "completed_requests": 175,
  "rejected_requests": 0,
  "simulation_time": 61.65845249786364,
  "throughput": {
    "requests_per_sec": 2.83821589596436,
    "tokens_per_sec": 376.4609564407127
  },
  "xpu_utilization": 1.0,
  "memory": {
    "peak_memory_gb": 79.91577863693237,
    "p95_memory_gb": 79.77378129959106,
    "p50_memory_gb": 66.78982496261597
  },
  "first_token_latency": {
    "mean": 18.9306546810858,
    "p50": 17.21882890648677,
    "p90": 34.746255553950135,
    "p95": 35.58884159226705,
    "p99": 36.385280945334756
  },
  "end_to_end_latency": {
    "mean": 23.63995263827348,
    "p50": 23.107167758805993,
    "p90": 39.292921383238074,
    "p95": 41.25336704799556,
    "p99": 42.54840519517011
  }
}