{
  "total_requests": 592,
  "completed_requests": 101,
  "rejected_requests": 0,
  "simulation_time": 60.01664581000717,
  "throughput": {
    "requests_per_sec": 1.6828664554119295,
    "tokens_per_sec": 222.6382334377644
  },
  "xpu_utilization": 1.0,
  "memory": {
    "peak_memory_gb": 79.76944637298584,
    "p95_memory_gb": 79.71429843902588,
    "p50_memory_gb": 75.53360652923584
  },
  "first_token_latency": {
    "mean": 24.254100148081942,
    "p50": 25.16172432838442,
    "p90": 40.6190229821935,
    "p95": 44.810325992877054,
    "p99": 45.14930033268927
  },
  "end_to_end_latency": {
    "mean": 26.661947331730016,
    "p50": 27.103560854069634,
    "p90": 42.06631584810242,
    "p95": 46.628968387600494,
    "p99": 48.62079776787007
  }
}