{
  "total_requests": 592,
  "completed_requests": 454,
  "rejected_requests": 0,
  "simulation_time": 60.021093587829014,
  "throughput": {
    "requests_per_sec": 7.56400746573637,
    "tokens_per_sec": 993.5340467054117
  },
  "xpu_utilization": 1.0,
  "memory": {
    "peak_memory_gb": 79.81964468955994,
    "p95_memory_gb": 79.14428610801697,
    "p50_memory_gb": 50.35276389122009
  },
  "first_token_latency": {
    "mean": 6.139275562444398,
    "p50": 6.167181735225565,
    "p90": 10.593549888334906,
    "p95": 11.26909423151849,
    "p99": 12.541486177841605
  },
  "end_to_end_latency": {
    "mean": 8.34218042539254,
    "p50": 8.634893536976595,
    "p90": 12.734607781071592,
    "p95": 13.472906829782342,
    "p99": 14.326823449596999
  }
}