{
  "total_requests": 592,
  "completed_requests": 318,
  "rejected_requests": 0,
  "simulation_time": 60.00203352939639,
  "throughput": {
    "requests_per_sec": 5.299820377657774,
    "tokens_per_sec": 715.1424289474688
  },
  "xpu_utilization": 1.0,
  "memory": {
    "peak_memory_gb": 79.99951124191284,
    "p95_memory_gb": 79.6129298210144,
    "p50_memory_gb": 64.93920087814331
  },
  "first_token_latency": {
    "mean": 13.054950656026145,
    "p50": 13.428382741483876,
    "p90": 23.256910142407747,
    "p95": 24.501811799713646,
    "p99": 26.34463011664218
  },
  "end_to_end_latency": {
    "mean": 14.866366292048632,
    "p50": 15.208354519868028,
    "p90": 23.792409001039584,
    "p95": 25.09398547206655,
    "p99": 26.78446371849146
  }
}