{
  "total_requests": 592,
  "completed_requests": 563,
  "rejected_requests": 0,
  "simulation_time": 60.00554373438218,
  "throughput": {
    "requests_per_sec": 9.38246643497058,
    "tokens_per_sec": 1218.8040545676258
  },
  "xpu_utilization": 1.0,
  "memory": {
    "peak_memory_gb": 65.33452200889587,
    "p95_memory_gb": 52.35905051231384,
    "p50_memory_gb": 33.89742922782898
  },
  "first_token_latency": {
    "mean": 1.3327438347855105,
    "p50": 1.31203258310725,
    "p90": 2.148883041079229,
    "p95": 2.329249311531018,
    "p99": 2.7556411819126803
  },
  "end_to_end_latency": {
    "mean": 2.452440469141794,
    "p50": 2.405877528534937,
    "p90": 3.5449079456132737,
    "p95": 3.778347299440239,
    "p99": 4.109671802730756
  }
}