{
  "total_requests": 592,
  "completed_requests": 218,
  "rejected_requests": 0,
  "simulation_time": 60.01570594833112,
  "throughput": {
    "requests_per_sec": 3.6323824998023206,
    "tokens_per_sec": 480.50755288669416
  },
  "xpu_utilization": 1.0,
  "memory": {
    "peak_memory_gb": 191.90768241882324,
    "p95_memory_gb": 191.67504692077637,
    "p50_memory_gb": 173.022123336792
  },
  "first_token_latency": {
    "mean": 18.288029006663223,
    "p50": 16.599076610318694,
    "p90": 33.06908332693704,
    "p95": 33.976451351566006,
    "p99": 34.471021484657584
  },
  "end_to_end_latency": {
    "mean": 22.38314205360046,
    "p50": 21.958452350732877,
    "p90": 36.7800377833347,
    "p95": 37.64629567500464,
    "p99": 39.22585561297957
  }
}