{
  "total_requests": 592,
  "completed_requests": 425,
  "rejected_requests": 0,
  "simulation_time": 61.19490373485927,
  "throughput": {
    "requests_per_sec": 6.945022772507469,
    "tokens_per_sec": 886.5934365232771
  },
  "xpu_utilization": 1.0,
  "memory": {
    "peak_memory_gb": 191.6717824935913,
    "p95_memory_gb": 191.25658321380615,
    "p50_memory_gb": 121.38613033294678
  },
  "first_token_latency": {
    "mean": 8.388595970257853,
    "p50": 8.421040920651023,
    "p90": 13.288625326710337,
    "p95": 14.251800823986036,
    "p99": 16.43910307372308
  },
  "end_to_end_latency": {
    "mean": 12.211440947775955,
    "p50": 12.58351846430299,
    "p90": 17.67225751568586,
    "p95": 18.7925373011869,
    "p99": 20.376696361688804
  }
}