{
  "total_requests": 592,
  "completed_requests": 522,
  "rejected_requests": 0,
  "simulation_time": 60.01669565605433,
  "throughput": {
    "requests_per_sec": 8.697579803318312,
    "tokens_per_sec": 1141.8489347153331
  },
  "xpu_utilization": 1.0,
  "memory": {
    "peak_memory_gb": 116.46259260177612,
    "p95_memory_gb": 109.59140672683716,
    "p50_memory_gb": 67.26238965988159
  },
  "first_token_latency": {
    "mean": 3.1251466837348683,
    "p50": 2.9961237732407113,
    "p90": 5.226495790888286,
    "p95": 5.612456271854539,
    "p99": 5.909240530660266
  },
  "end_to_end_latency": {
    "mean": 5.2549223196548835,
    "p50": 5.065189926802509,
    "p90": 7.789940760065749,
    "p95": 8.274351165379707,
    "p99": 8.89979440876447
  }
}