{
  "total_requests": 571,
  "completed_requests": 269,
  "rejected_requests": 0,
  "simulation_time": 61.83181389513703,
  "throughput": {
    "requests_per_sec": 4.350511218322133,
    "tokens_per_sec": 564.773986078168
  },
  "xpu_utilization": 1.0,
  "memory": {
    "peak_memory_gb": 79.9298894405365,
    "p95_memory_gb": 79.66309142112732,
    "p50_memory_gb": 55.31765341758728
  },
  "first_token_latency": {
    "mean": 14.201428124982264,
    "p50": 13.552414313874182,
    "p90": 26.953143320759967,
    "p95": 27.70700042681186,
    "p99": 28.397150328377453
  },
  "end_to_end_latency": {
    "mean": 18.629392030031898,
    "p50": 18.03079194645636,
    "p90": 32.08317360851532,
    "p95": 33.196034323253414,
    "p99": 34.97905137752364
  }
}