{
  "total_requests": 571,
  "completed_requests": 174,
  "rejected_requests": 0,
  "simulation_time": 60.00700967975005,
  "throughput": {
    "requests_per_sec": 2.899661238388921,
    "tokens_per_sec": 391.5375907813086
  },
  "xpu_utilization": 1.0,
  "memory": {
    "peak_memory_gb": 79.79233503341675,
    "p95_memory_gb": 79.60079908370972,
    "p50_memory_gb": 66.84234189987183
  },
  "first_token_latency": {
    "mean": 20.08476190773818,
    "p50": 19.157446406179552,
    "p90": 36.085833361598155,
    "p95": 36.68469103341101,
    "p99": 37.517006668852275
  },
  "end_to_end_latency": {
    "mean": 23.204916417372235,
    "p50": 23.104573120453818,
    "p90": 36.163530044727175,
    "p95": 40.22719712408664,
    "p99": 41.115688753047394
  }
}