{
  "total_requests": 571,
  "completed_requests": 52,
  "rejected_requests": 0,
  "simulation_time": 60.002401303495795,
  "throughput": {
    "requests_per_sec": 0.8666319825598452,
    "tokens_per_sec": 122.5117635345658
  },
  "xpu_utilization": 1.0,
  "memory": {
    "peak_memory_gb": 79.99928951263428,
    "p95_memory_gb": 79.94717311859131,
    "p50_memory_gb": 75.01638698577881
  },
  "first_token_latency": {
    "mean": 27.32528423611718,
    "p50": 27.767838375911513,
    "p90": 51.44966339740423,
    "p95": 51.986522060257286,
    "p99": 52.50455432273567
  },
  "end_to_end_latency": {
    "mean": 27.857186028796193,
    "p50": 28.057613380598305,
    "p90": 46.462140963868535,
    "p95": 49.54590775849265,
    "p99": 51.53709649653763
  }
}