{
  "total_requests": 571,
  "completed_requests": 326,
  "rejected_requests": 0,
  "simulation_time": 60.00267453262776,
  "throughput": {
    "requests_per_sec": 5.433091150340814,
    "tokens_per_sec": 701.9520434392783
  },
  "xpu_utilization": 1.0,
  "memory": {
    "peak_memory_gb": 79.99363660812378,
    "p95_memory_gb": 79.54813776016235,
    "p50_memory_gb": 63.313655376434326
  },
  "first_token_latency": {
    "mean": 12.916436643341445,
    "p50": 11.766303754967412,
    "p90": 24.700581118603196,
    "p95": 25.94170220041367,
    "p99": 27.268971377068695
  },
  "end_to_end_latency": {
    "mean": 14.563059389163598,
    "p50": 13.59994362025845,
    "p90": 25.956513341893356,
    "p95": 27.00392127471649,
    "p99": 28.18261363608682
  }
}