{
  "total_requests": 571,
  "completed_requests": 452,
  "rejected_requests": 0,
  "simulation_time": 60.0188181975645,
  "throughput": {
    "requests_per_sec": 7.530971344889655,
    "tokens_per_sec": 1017.0643447037593
  },
  "xpu_utilization": 1.0,
  "memory": {
    "peak_memory_gb": 79.80355429649353,
    "p95_memory_gb": 79.2941288471222,
    "p50_memory_gb": 47.81410765647888
  },
  "first_token_latency": {
    "mean": 5.987357119949152,
    "p50": 6.299221740091205,
    "p90": 10.733629760898339,
    "p95": 11.65670036001653,
    "p99": 12.708939475887759
  },
  "end_to_end_latency": {
    "mean": 8.188318258432139,
    "p50": 8.05752852088481,
    "p90": 13.185640786943418,
    "p95": 13.838493535382907,
    "p99": 15.46906645160798
  }
}