{
  "total_requests": 571,
  "completed_requests": 100,
  "rejected_requests": 0,
  "simulation_time": 60.00640792962681,
  "throughput": {
    "requests_per_sec": 1.6664886876294298,
    "tokens_per_sec": 219.00994332825968
  },
  "xpu_utilization": 1.0,
  "memory": {
    "peak_memory_gb": 79.99928951263428,
    "p95_memory_gb": 79.47099933624267,
    "p50_memory_gb": 75.03451442718506
  },
  "first_token_latency": {
    "mean": 24.085848703176953,
    "p50": 25.984671427275494,
    "p90": 42.267544953108064,
    "p95": 45.18064589295587,
    "p99": 45.66458914982404
  },
  "end_to_end_latency": {
    "mean": 25.780921877487696,
    "p50": 26.909271648325785,
    "p90": 44.02485213376399,
    "p95": 44.94646881417746,
    "p99": 46.5984608672606
  }
}