{
  "total_requests": 571,
  "completed_requests": 421,
  "rejected_requests": 0,
  "simulation_time": 60.0159328966068,
  "throughput": {
    "requests_per_sec": 7.014803897579715,
    "tokens_per_sec": 954.0133300708412
  },
  "xpu_utilization": 1.0,
  "memory": {
    "peak_memory_gb": 191.84584712982178,
    "p95_memory_gb": 191.6576681137085,
    "p50_memory_gb": 125.71169948577881
  },
  "first_token_latency": {
    "mean": 9.045403735274471,
    "p50": 9.145183973013637,
    "p90": 15.315938494709219,
    "p95": 16.504431463927332,
    "p99": 17.306362050246918
  },
  "end_to_end_latency": {
    "mean": 12.391647161365603,
    "p50": 12.685026458731043,
    "p90": 18.7380980128409,
    "p95": 19.957526316383884,
    "p99": 21.73214829910278
  }
}