{
  "total_requests": 571,
  "completed_requests": 209,
  "rejected_requests": 0,
  "simulation_time": 60.01075976045038,
  "throughput": {
    "requests_per_sec": 3.4827087814632174,
    "tokens_per_sec": 470.8322326327426
  },
  "xpu_utilization": 1.0,
  "memory": {
    "peak_memory_gb": 191.89977836608887,
    "p95_memory_gb": 191.39137077331543,
    "p50_memory_gb": 172.05221366882324
  },
  "first_token_latency": {
    "mean": 19.5638695392424,
    "p50": 19.003381388896415,
    "p90": 34.32396358693895,
    "p95": 35.38835917583299,
    "p99": 35.845700071046586
  },
  "end_to_end_latency": {
    "mean": 21.71154100752098,
    "p50": 22.117529296599624,
    "p90": 33.31703049958178,
    "p95": 34.76196466774251,
    "p99": 38.31029663874327
  }
}