{
  "total_requests": 571,
  "completed_requests": 556,
  "rejected_requests": 0,
  "simulation_time": 60.00247828285463,
  "throughput": {
    "requests_per_sec": 9.266283925457023,
    "tokens_per_sec": 1212.1332665151344
  },
  "xpu_utilization": 1.0,
  "memory": {
    "peak_memory_gb": 79.32281851768494,
    "p95_memory_gb": 52.772984170913695,
    "p50_memory_gb": 31.03643488883972
  },
  "first_token_latency": {
    "mean": 1.1925269817812492,
    "p50": 1.068741389966533,
    "p90": 2.1263114813841613,
    "p95": 2.3831045486256417,
    "p99": 3.025827080173605
  },
  "end_to_end_latency": {
    "mean": 2.3137498624638693,
    "p50": 2.2172773507079064,
    "p90": 3.471975826837987,
    "p95": 3.9831430835601056,
    "p99": 4.93824972920843
  }
}