{
  "total_requests": 571,
  "completed_requests": 540,
  "rejected_requests": 0,
  "simulation_time": 60.00138402295088,
  "throughput": {
    "requests_per_sec": 8.999792401346056,
    "tokens_per_sec": 1176.5561936537497
  },
  "xpu_utilization": 1.0,
  "memory": {
    "peak_memory_gb": 130.25880002975464,
    "p95_memory_gb": 109.1252818107605,
    "p50_memory_gb": 63.691890239715576
  },
  "first_token_latency": {
    "mean": 2.9826951762258482,
    "p50": 2.8668622954269747,
    "p90": 5.05095162163765,
    "p95": 5.58462404907472,
    "p99": 6.511741576255895
  },
  "end_to_end_latency": {
    "mean": 5.187602957010579,
    "p50": 5.0342273081705855,
    "p90": 7.771558303282228,
    "p95": 8.42053257313244,
    "p99": 9.484095695106692
  }
}