{
  "total_requests": 617,
  "completed_requests": 57,
  "rejected_requests": 0,
  "simulation_time": 60.02750213788503,
  "throughput": {
    "requests_per_sec": 0.9495647489890423,
    "tokens_per_sec": 134.58830889618375
  },
  "xpu_utilization": 1.0,
  "memory": {
    "peak_memory_gb": 79.97889614105225,
    "p95_memory_gb": 79.73698329925537,
    "p50_memory_gb": 76.62631130218506
  },
  "first_token_latency": {
    "mean": 24.84340862222257,
    "p50": 25.498153107422258,
    "p90": 48.04400762785514,
    "p95": 48.3359494768757,
    "p99": 48.45346053235421
  },
  "end_to_end_latency": {
    "mean": 27.82250836287975,
    "p50": 27.953262017454303,
    "p90": 45.490604246629665,
    "p95": 52.006237713693594,
    "p99": 53.67425201352103
  }
}