{
  "total_requests": 617,
  "completed_requests": 261,
  "rejected_requests": 0,
  "simulation_time": 60.01541252452924,
  "throughput": {
    "requests_per_sec": 4.348882878932561,
    "tokens_per_sec": 564.738265960388
  },
  "xpu_utilization": 1.0,
  "memory": {
    "peak_memory_gb": 79.90478873252869,
    "p95_memory_gb": 78.72619605064392,
    "p50_memory_gb": 58.53571105003357
  },
  "first_token_latency": {
    "mean": 15.865883117881129,
    "p50": 15.420067405314922,
    "p90": 28.41069383605526,
    "p95": 30.35764281630339,
    "p99": 31.522169401318035
  },
  "end_to_end_latency": {
    "mean": 19.040281576611868,
    "p50": 18.941041184715043,
    "p90": 30.948863540257104,
    "p95": 33.29295020394845,
    "p99": 34.896220462194854
  }
}