{
  "total_requests": 617,
  "completed_requests": 180,
  "rejected_requests": 0,
  "simulation_time": 60.006137130875544,
  "throughput": {
    "requests_per_sec": 2.999693174839992,
    "tokens_per_sec": 379.3611968447643
  },
  "xpu_utilization": 1.0,
  "memory": {
    "peak_memory_gb": 79.90475416183472,
    "p95_memory_gb": 79.85565900802612,
    "p50_memory_gb": 63.90274381637573
  },
  "first_token_latency": {
    "mean": 21.039876982458463,
    "p50": 21.444895338032254,
    "p90": 37.46234622606083,
    "p95": 38.259031303388575,
    "p99": 39.0925677143089
  },
  "end_to_end_latency": {
    "mean": 24.078584363496198,
    "p50": 23.979028122299304,
    "p90": 38.244214664230086,
    "p95": 42.13757916975687,
    "p99": 42.69898457017814
  }
}