{
  "total_requests": 617,
  "completed_requests": 332,
  "rejected_requests": 0,
  "simulation_time": 60.00915537308383,
  "throughput": {
    "requests_per_sec": 5.532489133298374,
    "tokens_per_sec": 684.7621791129421
  },
  "xpu_utilization": 1.0,
  "memory": {
    "peak_memory_gb": 79.83587980270386,
    "p95_memory_gb": 79.55197858810425,
    "p50_memory_gb": 62.47582197189331
  },
  "first_token_latency": {
    "mean": 13.899380291791388,
    "p50": 13.5790191050043,
    "p90": 25.205668201654383,
    "p95": 26.295945304105857,
    "p99": 27.48767505928587
  },
  "end_to_end_latency": {
    "mean": 15.404019062202284,
    "p50": 15.085533791125236,
    "p90": 25.613719280306757,
    "p95": 27.106435128490315,
    "p99": 28.442697719552523
  }
}