{
  "total_requests": 617,
  "completed_requests": 110,
  "rejected_requests": 0,
  "simulation_time": 60.01188087038306,
  "throughput": {
    "requests_per_sec": 1.832970378608596,
    "tokens_per_sec": 229.15462406023101
  },
  "xpu_utilization": 1.0,
  "memory": {
    "peak_memory_gb": 79.97889614105225,
    "p95_memory_gb": 79.68595790863037,
    "p50_memory_gb": 75.99385738372803
  },
  "first_token_latency": {
    "mean": 24.965628010852797,
    "p50": 25.326296420299656,
    "p90": 44.37578594343356,
    "p95": 46.822640565135686,
    "p99": 47.46379764752465
  },
  "end_to_end_latency": {
    "mean": 26.61129616877777,
    "p50": 28.157127137055397,
    "p90": 46.142361718237375,
    "p95": 47.00395726718175,
    "p99": 48.9161181915036
  }
}