{
  "total_requests": 617,
  "completed_requests": 478,
  "rejected_requests": 0,
  "simulation_time": 60.00263613478414,
  "throughput": {
    "requests_per_sec": 7.966316661925767,
    "tokens_per_sec": 1002.9059367462487
  },
  "xpu_utilization": 1.0,
  "memory": {
    "peak_memory_gb": 79.4269597530365,
    "p95_memory_gb": 78.95162177085876,
    "p50_memory_gb": 51.85081458091736
  },
  "first_token_latency": {
    "mean": 6.210235732522729,
    "p50": 6.074757248987897,
    "p90": 10.633767702007422,
    "p95": 11.474908203903752,
    "p99": 12.671183746386095
  },
  "end_to_end_latency": {
    "mean": 8.804305200209502,
    "p50": 8.80661497238105,
    "p90": 13.635584142208726,
    "p95": 14.389837258498602,
    "p99": 15.546477134894563
  }
}