{
  "total_requests": 617,
  "completed_requests": 546,
  "rejected_requests": 0,
  "simulation_time": 60.004693075303244,
  "throughput": {
    "requests_per_sec": 9.09928827258218,
    "tokens_per_sec": 1148.8768039107515
  },
  "xpu_utilization": 1.0,
  "memory": {
    "peak_memory_gb": 120.45420026779175,
    "p95_memory_gb": 114.9828768730162,
    "p50_memory_gb": 71.88041067123413
  },
  "first_token_latency": {
    "mean": 3.3438420761089263,
    "p50": 3.1586515343515558,
    "p90": 5.650867854306924,
    "p95": 6.0747852920154415,
    "p99": 6.444667539593944
  },
  "end_to_end_latency": {
    "mean": 5.473104756282469,
    "p50": 5.438118384970057,
    "p90": 7.8579707809260135,
    "p95": 8.555892711984086,
    "p99": 9.332103622792545
  }
}