{
  "total_requests": 617,
  "completed_requests": 591,
  "rejected_requests": 0,
  "simulation_time": 60.00857025212771,
  "throughput": {
    "requests_per_sec": 9.84859325121223,
    "tokens_per_sec": 1241.2060425212192
  },
  "xpu_utilization": 1.0,
  "memory": {
    "peak_memory_gb": 69.95877623558044,
    "p95_memory_gb": 55.13319754600525,
    "p50_memory_gb": 34.869728803634644
  },
  "first_token_latency": {
    "mean": 1.4149320929010591,
    "p50": 1.3244680334222139,
    "p90": 2.3466138354471866,
    "p95": 2.536661152813055,
    "p99": 3.026654267592039
  },
  "end_to_end_latency": {
    "mean": 2.5908963078152385,
    "p50": 2.5319323875169566,
    "p90": 3.7506890405491955,
    "p95": 4.094284756015739,
    "p99": 4.571303772010949
  }
}