{
  "total_requests": 617,
  "completed_requests": 414,
  "rejected_requests": 0,
  "simulation_time": 60.02913804518263,
  "throughput": {
    "requests_per_sec": 6.896650751313324,
    "tokens_per_sec": 908.9252615776753
  },
  "xpu_utilization": 1.0,
  "memory": {
    "peak_memory_gb": 191.93485927581787,
    "p95_memory_gb": 191.75811672210693,
    "p50_memory_gb": 125.8954381942749
  },
  "first_token_latency": {
    "mean": 9.296883244195804,
    "p50": 9.60203271659152,
    "p90": 15.361541143090214,
    "p95": 16.3791427366047,
    "p99": 18.02431897770566
  },
  "end_to_end_latency": {
    "mean": 12.073281534603506,
    "p50": 12.068520013787824,
    "p90": 18.177817289931024,
    "p95": 19.880546372103893,
    "p99": 21.32347353774671
  }
}