{
  "total_requests": 617,
  "completed_requests": 205,
  "rejected_requests": 0,
  "simulation_time": 60.02916306525648,
  "throughput": {
    "requests_per_sec": 3.4150067988978736,
    "tokens_per_sec": 432.32320217072004
  },
  "xpu_utilization": 1.0,
  "memory": {
    "peak_memory_gb": 191.99983024597168,
    "p95_memory_gb": 191.7517375946045,
    "p50_memory_gb": 163.68755912780762
  },
  "first_token_latency": {
    "mean": 20.868649543869775,
    "p50": 20.88686746876649,
    "p90": 37.149677155020704,
    "p95": 38.08901580586546,
    "p99": 39.244828415252535
  },
  "end_to_end_latency": {
    "mean": 21.928695692127476,
    "p50": 22.922487336601577,
    "p90": 35.74530279123086,
    "p95": 36.48226332769101,
    "p99": 37.885748877414535
  }
}