{
  "total_requests": 587,
  "completed_requests": 250,
  "rejected_requests": 0,
  "simulation_time": 60.03149962904481,
  "throughput": {
    "requests_per_sec": 4.164480340235303,
    "tokens_per_sec": 553.392805531828
  },
  "xpu_utilization": 1.0,
  "memory": {
    "peak_memory_gb": 79.75441336631775,
    "p95_memory_gb": 79.54773306846619,
    "p50_memory_gb": 54.228595495224
  },
  "first_token_latency": {
    "mean": 17.35485905697903,
    "p50": 16.890603151782017,
    "p90": 30.172580194779137,
    "p95": 32.056788576810774,
    "p99": 33.26092916953132
  },
  "end_to_end_latency": {
    "mean": 19.772317607340817,
    "p50": 19.684881248209635,
    "p90": 31.6521429464515,
    "p95": 33.43792469687318,
    "p99": 35.26394460416953
  }
}