{
  "total_requests": 587,
  "completed_requests": 173,
  "rejected_requests": 0,
  "simulation_time": 60.008125911396455,
  "throughput": {
    "requests_per_sec": 2.8829428910251083,
    "tokens_per_sec": 380.96507185968204
  },
  "xpu_utilization": 1.0,
  "memory": {
    "peak_memory_gb": 79.65801954269409,
    "p95_memory_gb": 79.6178126335144,
    "p50_memory_gb": 65.84900617599487
  },
  "first_token_latency": {
    "mean": 20.202716791818588,
    "p50": 21.8236875105098,
    "p90": 36.50477861815335,
    "p95": 37.35153932640831,
    "p99": 38.05796471492524
  },
  "end_to_end_latency": {
    "mean": 24.5519571020235,
    "p50": 24.108281902921007,
    "p90": 41.38652534755026,
    "p95": 42.12122679552377,
    "p99": 43.738491463656956
  }
}