{
  "total_requests": 587,
  "completed_requests": 54,
  "rejected_requests": 0,
  "simulation_time": 60.030845447895615,
  "throughput": {
    "requests_per_sec": 0.8995375560197607,
    "tokens_per_sec": 116.34019057855572
  },
  "xpu_utilization": 1.0,
  "memory": {
    "peak_memory_gb": 79.97151851654053,
    "p95_memory_gb": 79.91260433197021,
    "p50_memory_gb": 75.26248073577881
  },
  "first_token_latency": {
    "mean": 28.778098688605514,
    "p50": 30.545929753658807,
    "p90": 53.51057174265925,
    "p95": 53.841049180444244,
    "p99": 54.11626542158271
  },
  "end_to_end_latency": {
    "mean": 29.634856176172306,
    "p50": 29.549881494007064,
    "p90": 48.80782278319074,
    "p95": 50.17691494983769,
    "p99": 52.0509530457342
  }
}