{
  "total_requests": 587,
  "completed_requests": 460,
  "rejected_requests": 0,
  "simulation_time": 60.011174762663885,
  "throughput": {
    "requests_per_sec": 7.665239046214944,
    "tokens_per_sec": 1001.0135651830958
  },
  "xpu_utilization": 1.0,
  "memory": {
    "peak_memory_gb": 79.95163321495056,
    "p95_memory_gb": 79.23040337562561,
    "p50_memory_gb": 52.625627279281616
  },
  "first_token_latency": {
    "mean": 6.04443857420862,
    "p50": 6.029639648276483,
    "p90": 10.057684685935127,
    "p95": 11.243456927865532,
    "p99": 12.05735136531021
  },
  "end_to_end_latency": {
    "mean": 8.324583873582466,
    "p50": 8.515010103320618,
    "p90": 12.518648286060095,
    "p95": 13.234929868335009,
    "p99": 14.459277194579233
  }
}