{
  "total_requests": 587,
  "completed_requests": 99,
  "rejected_requests": 0,
  "simulation_time": 60.00882035636229,
  "throughput": {
    "requests_per_sec": 1.649757475852527,
    "tokens_per_sec": 207.10288797873946
  },
  "xpu_utilization": 1.0,
  "memory": {
    "peak_memory_gb": 79.99988460540771,
    "p95_memory_gb": 79.91109371185303,
    "p50_memory_gb": 74.17577266693115
  },
  "first_token_latency": {
    "mean": 26.13121913419652,
    "p50": 26.407423980186028,
    "p90": 46.01244254379478,
    "p95": 48.52973224676583,
    "p99": 48.89786227791714
  },
  "end_to_end_latency": {
    "mean": 26.810783126868653,
    "p50": 26.770648351236233,
    "p90": 44.50092125910429,
    "p95": 48.20138945186456,
    "p99": 49.76640492788108
  }
}