{
  "total_requests": 587,
  "completed_requests": 309,
  "rejected_requests": 0,
  "simulation_time": 60.01791068273491,
  "throughput": {
    "requests_per_sec": 5.148463125173211,
    "tokens_per_sec": 683.1460731237114
  },
  "xpu_utilization": 1.0,
  "memory": {
    "peak_memory_gb": 79.99994993209839,
    "p95_memory_gb": 79.13075590133667,
    "p50_memory_gb": 61.036513805389404
  },
  "first_token_latency": {
    "mean": 14.164501901167899,
    "p50": 14.427961926386342,
    "p90": 23.84760089427583,
    "p95": 24.523613961391614,
    "p99": 25.93899007197463
  },
  "end_to_end_latency": {
    "mean": 16.050666467584694,
    "p50": 16.77923579973781,
    "p90": 24.896208828478144,
    "p95": 26.280235438407267,
    "p99": 27.44276261954232
  }
}