{
  "total_requests": 587,
  "completed_requests": 438,
  "rejected_requests": 0,
  "simulation_time": 62.873870771375785,
  "throughput": {
    "requests_per_sec": 6.96632789784283,
    "tokens_per_sec": 885.3439324963953
  },
  "xpu_utilization": 1.0,
  "memory": {
    "peak_memory_gb": 191.48018550872803,
    "p95_memory_gb": 191.00184535980225,
    "p50_memory_gb": 132.19873714447021
  },
  "first_token_latency": {
    "mean": 8.700972438954512,
    "p50": 8.65974382039897,
    "p90": 13.795214191632313,
    "p95": 14.476256045398927,
    "p99": 15.565038300524039
  },
  "end_to_end_latency": {
    "mean": 12.564321409090304,
    "p50": 12.964530598538339,
    "p90": 17.951716993852585,
    "p95": 18.774777350111073,
    "p99": 19.905312040532948
  }
}