{
  "total_requests": 587,
  "completed_requests": 540,
  "rejected_requests": 0,
  "simulation_time": 60.24630560607623,
  "throughput": {
    "requests_per_sec": 8.963205205159294,
    "tokens_per_sec": 1137.9618934357609
  },
  "xpu_utilization": 1.0,
  "memory": {
    "peak_memory_gb": 114.81958723068237,
    "p95_memory_gb": 108.60034513473511,
    "p50_memory_gb": 70.96018171310425
  },
  "first_token_latency": {
    "mean": 3.1068788481777614,
    "p50": 3.0893291437157524,
    "p90": 5.021522451855934,
    "p95": 5.360410656060353,
    "p99": 5.860730645550179
  },
  "end_to_end_latency": {
    "mean": 5.315472208110379,
    "p50": 5.268364585741133,
    "p90": 7.554818053225712,
    "p95": 8.119735282396935,
    "p99": 8.748576521500862
  }
}