{
  "total_requests": 587,
  "completed_requests": 203,
  "rejected_requests": 0,
  "simulation_time": 60.002327444517,
  "throughput": {
    "requests_per_sec": 3.3832020964138465,
    "tokens_per_sec": 470.3317554822422
  },
  "xpu_utilization": 1.0,
  "memory": {
    "peak_memory_gb": 191.45443534851074,
    "p95_memory_gb": 191.21280097961426,
    "p50_memory_gb": 172.215726852417
  },
  "first_token_latency": {
    "mean": 19.5149353939823,
    "p50": 18.427316028510152,
    "p90": 34.7391266671376,
    "p95": 35.593243236870144,
    "p99": 36.454225461963716
  },
  "end_to_end_latency": {
    "mean": 22.390892930152305,
    "p50": 21.35142508389152,
    "p90": 35.96422166453298,
    "p95": 38.220361207849784,
    "p99": 39.85791880462646
  }
}