{
  "total_requests": 587,
  "completed_requests": 572,
  "rejected_requests": 0,
  "simulation_time": 60.005575347665115,
  "throughput": {
    "requests_per_sec": 9.532447554846371,
    "tokens_per_sec": 1210.5875092292833
  },
  "xpu_utilization": 1.0,
  "memory": {
    "peak_memory_gb": 57.89324164390564,
    "p95_memory_gb": 51.82756209373474,
    "p50_memory_gb": 34.08861231803894
  },
  "first_token_latency": {
    "mean": 1.2489539575320814,
    "p50": 1.2496818685673912,
    "p90": 2.092416102435859,
    "p95": 2.229327185391403,
    "p99": 2.58068123596788
  },
  "end_to_end_latency": {
    "mean": 2.375609246298569,
    "p50": 2.3651293013085315,
    "p90": 3.3738539430264853,
    "p95": 3.6152592716698555,
    "p99": 3.991162523711758
  }
}