{
  "total_requests": 562,
  "completed_requests": 57,
  "rejected_requests": 0,
  "simulation_time": 60.004942269202864,
  "throughput": {
    "requests_per_sec": 0.9499217538495136,
    "tokens_per_sec": 125.08969621744649
  },
  "xpu_utilization": 1.0,
  "memory": {
    "peak_memory_gb": 79.98849391937256,
    "p95_memory_gb": 79.64113521575928,
    "p50_memory_gb": 75.42507839202881
  },
  "first_token_latency": {
    "mean": 27.816937435361687,
    "p50": 28.57649870380144,
    "p90": 49.177347330856016,
    "p95": 49.514642630276086,
    "p99": 49.71020686057723
  },
  "end_to_end_latency": {
    "mean": 29.676041993908523,
    "p50": 29.548852418133386,
    "p90": 46.538965296228305,
    "p95": 48.208518622910354,
    "p99": 52.29921333035829
  }
}