{
  "total_requests": 562,
  "completed_requests": 179,
  "rejected_requests": 0,
  "simulation_time": 62.347960595735294,
  "throughput": {
    "requests_per_sec": 2.8709840432574456,
    "tokens_per_sec": 363.01107179355176
  },
  "xpu_utilization": 1.0,
  "memory": {
    "peak_memory_gb": 79.96128797531128,
    "p95_memory_gb": 79.87385511398315,
    "p50_memory_gb": 61.48016691207886
  },
  "first_token_latency": {
    "mean": 20.045153034019815,
    "p50": 18.299827623174053,
    "p90": 35.64465312013884,
    "p95": 36.37922183038289,
    "p99": 37.85747323657562
  },
  "end_to_end_latency": {
    "mean": 24.531700061386402,
    "p50": 23.785687062806552,
    "p90": 40.38187424238502,
    "p95": 41.439209595507926,
    "p99": 43.416883939487306
  }
}