{
  "total_requests": 562,
  "completed_requests": 260,
  "rejected_requests": 0,
  "simulation_time": 60.03170535598125,
  "throughput": {
    "requests_per_sec": 4.331044711427558,
    "tokens_per_sec": 557.8385588318695
  },
  "xpu_utilization": 1.0,
  "memory": {
    "peak_memory_gb": 79.51873564720154,
    "p95_memory_gb": 79.10162425041199,
    "p50_memory_gb": 52.699323415756226
  },
  "first_token_latency": {
    "mean": 16.366827257649543,
    "p50": 16.871770384501655,
    "p90": 27.722222034379197,
    "p95": 29.088090275026484,
    "p99": 30.399390761925773
  },
  "end_to_end_latency": {
    "mean": 18.85352256934076,
    "p50": 19.044531505281814,
    "p90": 29.64551244001601,
    "p95": 30.900253366211224,
    "p99": 32.086592391322085
  }
}