{
  "total_requests": 562,
  "completed_requests": 320,
  "rejected_requests": 0,
  "simulation_time": 60.01187562558286,
  "throughput": {
    "requests_per_sec": 5.332277931063116,
    "tokens_per_sec": 699.7115081352227
  },
  "xpu_utilization": 1.0,
  "memory": {
    "peak_memory_gb": 79.87273740768433,
    "p95_memory_gb": 79.37741422653198,
    "p50_memory_gb": 62.820842266082764
  },
  "first_token_latency": {
    "mean": 12.607078112712895,
    "p50": 13.717169077519538,
    "p90": 20.681539147021482,
    "p95": 21.69155433062629,
    "p99": 22.53876756539867
  },
  "end_to_end_latency": {
    "mean": 14.614494866997523,
    "p50": 15.611558743145736,
    "p90": 22.011837349417373,
    "p95": 23.38431194978687,
    "p99": 24.521168227544695
  }
}