{
  "total_requests": 562,
  "completed_requests": 469,
  "rejected_requests": 0,
  "simulation_time": 60.0086617489531,
  "throughput": {
    "requests_per_sec": 7.815538396141322,
    "tokens_per_sec": 1025.3686419039907
  },
  "xpu_utilization": 1.0,
  "memory": {
    "peak_memory_gb": 79.99963927268982,
    "p95_memory_gb": 79.19879221916199,
    "p50_memory_gb": 52.30661749839783
  },
  "first_token_latency": {
    "mean": 3.9280185092903435,
    "p50": 3.9725475172793736,
    "p90": 6.284575299484204,
    "p95": 7.079856314493928,
    "p99": 7.8293291773222675
  },
  "end_to_end_latency": {
    "mean": 6.406051887028077,
    "p50": 6.60675238210132,
    "p90": 9.094792934226017,
    "p95": 9.582348649873545,
    "p99": 10.702214920165732
  }
}