{
  "total_requests": 562,
  "completed_requests": 108,
  "rejected_requests": 0,
  "simulation_time": 60.00272676005927,
  "throughput": {
    "requests_per_sec": 1.7999182009156631,
    "tokens_per_sec": 222.2399000852812
  },
  "xpu_utilization": 1.0,
  "memory": {
    "peak_memory_gb": 79.98849391937256,
    "p95_memory_gb": 79.55916996002198,
    "p50_memory_gb": 75.33946895599365
  },
  "first_token_latency": {
    "mean": 25.734491080218454,
    "p50": 25.93787750179196,
    "p90": 44.68930753000225,
    "p95": 47.85640967474263,
    "p99": 48.13870153424081
  },
  "end_to_end_latency": {
    "mean": 26.73496004662094,
    "p50": 26.0507976149785,
    "p90": 44.67355406411893,
    "p95": 47.15320118376793,
    "p99": 47.80986837092865
  }
}