{
  "total_requests": 562,
  "completed_requests": 439,
  "rejected_requests": 0,
  "simulation_time": 60.006224476239886,
  "throughput": {
    "requests_per_sec": 7.315907705105273,
    "tokens_per_sec": 959.1005016952589
  },
  "xpu_utilization": 1.0,
  "memory": {
    "peak_memory_gb": 191.20538234710693,
    "p95_memory_gb": 190.6033239364624,
    "p50_memory_gb": 127.3118200302124
  },
  "first_token_latency": {
    "mean": 7.0063802204513035,
    "p50": 6.839386718548514,
    "p90": 10.92102934948656,
    "p95": 11.725207431845408,
    "p99": 13.372308163596832
  },
  "end_to_end_latency": {
    "mean": 10.708077706670473,
    "p50": 10.771407921280103,
    "p90": 15.189311276830846,
    "p95": 15.964006335398626,
    "p99": 17.710804059309687
  }
}