{
  "total_requests": 562,
  "completed_requests": 534,
  "rejected_requests": 0,
  "simulation_time": 60.00501749224061,
  "throughput": {
    "requests_per_sec": 8.89925580088453,
    "tokens_per_sec": 1155.9033377328672
  },
  "xpu_utilization": 1.0,
  "memory": {
    "peak_memory_gb": 54.685962438583374,
    "p95_memory_gb": 47.26969885826111,
    "p50_memory_gb": 29.45706534385681
  },
  "first_token_latency": {
    "mean": 1.0384257563145634,
    "p50": 0.9717021817624647,
    "p90": 1.7665604510753856,
    "p95": 1.926398407151212,
    "p99": 2.3662744323152487
  },
  "end_to_end_latency": {
    "mean": 2.0305656432516472,
    "p50": 2.0312188374714744,
    "p90": 2.921168644271778,
    "p95": 3.1617479971291926,
    "p99": 3.5401175055556626
  }
}