{
  "total_requests": 562,
  "completed_requests": 199,
  "rejected_requests": 0,
  "simulation_time": 60.02691345006409,
  "throughput": {
    "requests_per_sec": 3.3151796179816326,
    "tokens_per_sec": 451.1642935385858
  },
  "xpu_utilization": 1.0,
  "memory": {
    "peak_memory_gb": 191.73007011413574,
    "p95_memory_gb": 191.55026054382324,
    "p50_memory_gb": 172.379056930542
  },
  "first_token_latency": {
    "mean": 20.369770460755344,
    "p50": 19.33759408091097,
    "p90": 35.27319346323904,
    "p95": 36.35673259519442,
    "p99": 36.85656243668487
  },
  "end_to_end_latency": {
    "mean": 22.656899887719625,
    "p50": 22.09418203510299,
    "p90": 35.93921526192667,
    "p95": 37.64414080974801,
    "p99": 39.47580183642663
  }
}