{
  "total_requests": 562,
  "completed_requests": 509,
  "rejected_requests": 0,
  "simulation_time": 60.010678951775226,
  "throughput": {
    "requests_per_sec": 8.48182371689269,
    "tokens_per_sec": 1109.7191560441427
  },
  "xpu_utilization": 1.0,
  "memory": {
    "peak_memory_gb": 105.562659740448,
    "p95_memory_gb": 96.70793218612671,
    "p50_memory_gb": 63.75711011886597
  },
  "first_token_latency": {
    "mean": 2.511180871830452,
    "p50": 2.424472512506851,
    "p90": 3.9821013282880475,
    "p95": 4.28697230674133,
    "p99": 4.996171167945264
  },
  "end_to_end_latency": {
    "mean": 4.419432810279299,
    "p50": 4.467137185659311,
    "p90": 6.2784514341274384,
    "p95": 6.688850441937228,
    "p99": 7.123227079367851
  }
}