{
  "total_requests": 616,
  "completed_requests": 268,
  "rejected_requests": 0,
  "simulation_time": 60.007688925362196,
  "throughput": {
    "requests_per_sec": 4.466094342232368,
    "tokens_per_sec": 580.5922644902078
  },
  "xpu_utilization": 1.0,
  "memory": {
    "peak_memory_gb": 79.8053777217865,
    "p95_memory_gb": 79.76173758506775,
    "p50_memory_gb": 52.32793402671814
  },
  "first_token_latency": {
    "mean": 15.070277081093034,
    "p50": 14.262755964364134,
    "p90": 26.93938948621113,
    "p95": 28.757625142045438,
    "p99": 29.854785758494426
  },
  "end_to_end_latency": {
    "mean": 19.445614575862997,
    "p50": 19.05457192571049,
    "p90": 32.125691252355416,
    "p95": 33.65821281372306,
    "p99": 34.938035824878234
  }
}