{
  "total_requests": 616,
  "completed_requests": 63,
  "rejected_requests": 0,
  "simulation_time": 60.00899681567366,
  "throughput": {
    "requests_per_sec": 1.0498425793304567,
    "tokens_per_sec": 131.66359078237997
  },
  "xpu_utilization": 1.0,
  "memory": {
    "peak_memory_gb": 79.9506368637085,
    "p95_memory_gb": 79.90456295013428,
    "p50_memory_gb": 77.35856914520264
  },
  "first_token_latency": {
    "mean": 24.240975699207645,
    "p50": 23.546736209316464,
    "p90": 46.99115282405283,
    "p95": 47.12665762609187,
    "p99": 47.24750028657856
  },
  "end_to_end_latency": {
    "mean": 28.263193863502725,
    "p50": 27.565049909806483,
    "p90": 49.45207436819155,
    "p95": 51.64160220869848,
    "p99": 53.625904276023874
  }
}