{
  "total_requests": 616,
  "completed_requests": 167,
  "rejected_requests": 0,
  "simulation_time": 60.03648596836782,
  "throughput": {
    "requests_per_sec": 2.781641818410048,
    "tokens_per_sec": 382.1176344679336
  },
  "xpu_utilization": 1.0,
  "memory": {
    "peak_memory_gb": 79.9955325126648,
    "p95_memory_gb": 79.77413892745972,
    "p50_memory_gb": 66.43234968185425
  },
  "first_token_latency": {
    "mean": 21.013540611224904,
    "p50": 20.442067263284585,
    "p90": 39.2141829090361,
    "p95": 39.998623302148744,
    "p99": 40.90877131826944
  },
  "end_to_end_latency": {
    "mean": 22.633247298711208,
    "p50": 23.516662701279785,
    "p90": 37.37825776125093,
    "p95": 39.5530490204813,
    "p99": 42.46184734144599
  }
}