{
  "total_requests": 616,
  "completed_requests": 109,
  "rejected_requests": 0,
  "simulation_time": 60.005106473334855,
  "throughput": {
    "requests_per_sec": 1.8165120671594435,
    "tokens_per_sec": 236.66319142872712
  },
  "xpu_utilization": 1.0,
  "memory": {
    "peak_memory_gb": 79.9993200302124,
    "p95_memory_gb": 79.80789089202881,
    "p50_memory_gb": 77.15301418304443
  },
  "first_token_latency": {
    "mean": 23.600761136060076,
    "p50": 24.058836877201358,
    "p90": 42.60570505692131,
    "p95": 45.18723640068779,
    "p99": 45.66831464412519
  },
  "end_to_end_latency": {
    "mean": 24.934618690799542,
    "p50": 24.228255146680784,
    "p90": 43.25563277232804,
    "p95": 44.80003120252714,
    "p99": 46.79345384714156
  }
}