{
  "total_requests": 616,
  "completed_requests": 324,
  "rejected_requests": 0,
  "simulation_time": 60.29455239369447,
  "throughput": {
    "requests_per_sec": 5.373619790465241,
    "tokens_per_sec": 682.5989806054876
  },
  "xpu_utilization": 1.0,
  "memory": {
    "peak_memory_gb": 79.80078077316284,
    "p95_memory_gb": 79.73385190963745,
    "p50_memory_gb": 60.806228160858154
  },
  "first_token_latency": {
    "mean": 12.769499114578892,
    "p50": 13.631006956075735,
    "p90": 22.804629959121346,
    "p95": 25.097105612309964,
    "p99": 25.829329976875503
  },
  "end_to_end_latency": {
    "mean": 15.492635727014276,
    "p50": 15.986591528579003,
    "p90": 25.713864815573903,
    "p95": 27.43712490762707,
    "p99": 29.228031365006107
  }
}