{
  "total_requests": 616,
  "completed_requests": 475,
  "rejected_requests": 0,
  "simulation_time": 60.00506898636171,
  "throughput": {
    "requests_per_sec": 7.91599789857688,
    "tokens_per_sec": 1018.513952777736
  },
  "xpu_utilization": 1.0,
  "memory": {
    "peak_memory_gb": 79.80339789390564,
    "p95_memory_gb": 79.57751441001892,
    "p50_memory_gb": 48.61855387687683
  },
  "first_token_latency": {
    "mean": 6.5022222377024645,
    "p50": 6.514553100152135,
    "p90": 11.486630050689774,
    "p95": 12.739006744162275,
    "p99": 14.214249215400914
  },
  "end_to_end_latency": {
    "mean": 9.012987760099938,
    "p50": 9.112219608525358,
    "p90": 14.18821100141874,
    "p95": 15.041039094522128,
    "p99": 16.38917703562539
  }
}