{
  "total_requests": 616,
  "completed_requests": 585,
  "rejected_requests": 0,
  "simulation_time": 60.00230719017315,
  "throughput": {
    "requests_per_sec": 9.74962509601311,
    "tokens_per_sec": 1262.434788714354
  },
  "xpu_utilization": 1.0,
  "memory": {
    "peak_memory_gb": 69.49687933921814,
    "p95_memory_gb": 57.619805860519406,
    "p50_memory_gb": 33.483811140060425
  },
  "first_token_latency": {
    "mean": 1.3300902309099363,
    "p50": 1.308350050837909,
    "p90": 2.22404465771096,
    "p95": 2.4993809723471268,
    "p99": 2.763295740052706
  },
  "end_to_end_latency": {
    "mean": 2.506196923499416,
    "p50": 2.511472028698976,
    "p90": 3.6879021469523887,
    "p95": 3.903877488598087,
    "p99": 4.405168776210822
  }
}