{
  "total_requests": 616,
  "completed_requests": 415,
  "rejected_requests": 0,
  "simulation_time": 60.02657285953595,
  "throughput": {
    "requests_per_sec": 6.913604762529303,
    "tokens_per_sec": 949.7293829085135
  },
  "xpu_utilization": 1.0,
  "memory": {
    "peak_memory_gb": 191.71814632415771,
    "p95_memory_gb": 191.10060024261475,
    "p50_memory_gb": 129.47257900238037
  },
  "first_token_latency": {
    "mean": 9.298989018869007,
    "p50": 9.468108888931305,
    "p90": 15.825700985612102,
    "p95": 17.018528274106067,
    "p99": 18.107614740407666
  },
  "end_to_end_latency": {
    "mean": 12.242928172792153,
    "p50": 12.481878309721534,
    "p90": 18.438698097600902,
    "p95": 19.64103855451761,
    "p99": 21.018990387870673
  }
}