{
  "total_requests": 616,
  "completed_requests": 206,
  "rejected_requests": 0,
  "simulation_time": 60.90240358532405,
  "throughput": {
    "requests_per_sec": 3.3824609189913946,
    "tokens_per_sec": 427.7827879732175
  },
  "xpu_utilization": 1.0,
  "memory": {
    "peak_memory_gb": 191.98620414733887,
    "p95_memory_gb": 191.17011070251465,
    "p50_memory_gb": 166.542142868042
  },
  "first_token_latency": {
    "mean": 18.24629613983672,
    "p50": 19.252152633097424,
    "p90": 32.87371626559641,
    "p95": 34.015646445025475,
    "p99": 34.79582121899961
  },
  "end_to_end_latency": {
    "mean": 22.209038920396154,
    "p50": 22.551670776902398,
    "p90": 37.12865168305716,
    "p95": 38.319675599562885,
    "p99": 40.00314164652886
  }
}