{
  "total_requests": 616,
  "completed_requests": 556,
  "rejected_requests": 0,
  "simulation_time": 60.00529532784572,
  "throughput": {
    "requests_per_sec": 9.26584890487133,
    "tokens_per_sec": 1208.1433747457681
  },
  "xpu_utilization": 1.0,
  "memory": {
    "peak_memory_gb": 131.75986433029175,
    "p95_memory_gb": 115.0362790107727,
    "p50_memory_gb": 67.86470556259155
  },
  "first_token_latency": {
    "mean": 3.1417826809473532,
    "p50": 2.9962996892058396,
    "p90": 5.31603459271126,
    "p95": 5.714360213472195,
    "p99": 6.329032654363725
  },
  "end_to_end_latency": {
    "mean": 5.452591311690365,
    "p50": 5.4498218239648395,
    "p90": 8.0035646825597,
    "p95": 8.68069809772599,
    "p99": 9.354080003472816
  }
}