{
  "total_requests": 2946,
  "completed_requests": 273,
  "rejected_requests": 0,
  "simulation_time": 60.0166491808494,
  "throughput": {
    "requests_per_sec": 4.5487377873656945,
    "tokens_per_sec": 590.502810198682
  },
  "xpu_utilization": 1.0,
  "memory": {
    "peak_memory_gb": 79.78210806846619,
    "p95_memory_gb": 79.62211966514587,
    "p50_memory_gb": 73.71922659873962
  },
  "first_token_latency": {
    "mean": 26.350073582754167,
    "p50": 26.850708788768138,
    "p90": 48.91747893251463,
    "p95": 49.27263152108316,
    "p99": 49.633313050062945
  },
  "end_to_end_latency": {
    "mean": 30.10803737768058,
    "p50": 31.132108386182427,
    "p90": 51.95565997164436,
    "p95": 53.01360644742507,
    "p99": 54.1809716887772
  }
}