{
  "total_requests": 2946,
  "completed_requests": 437,
  "throughput": {},
  "memory": {},
  "first_token_latency": {
    "mean": 126.05839574098377,
    "p50": 127.04726722126662,
    "p90": 225.61243093128675,
    "p95": 237.4592610287821,
    "p99": 248.97442693565634
  },
  "end_to_end_latency": {
    "mean": 130.1748540519969,
    "p50": 131.90195814110422,
    "p90": 224.28103524415212,
    "p95": 236.22938859941223,
    "p99": 247.8752539814299
  }
}