{
  "total_requests": 623,
  "completed_requests": 62,
  "rejected_requests": 0,
  "simulation_time": 61.13547842868089,
  "throughput": {
    "requests_per_sec": 1.0141410780374875,
    "tokens_per_sec": 117.34593699743444
  },
  "xpu_utilization": 1.0,
  "memory": {
    "peak_memory_gb": 79.99926662445068,
    "p95_memory_gb": 79.74513149261475,
    "p50_memory_gb": 74.8058614730835
  },
  "first_token_latency": {
    "mean": 25.827162442537997,
    "p50": 27.3998876124347,
    "p90": 48.3017811045581,
    "p95": 48.423180454545495,
    "p99": 48.49543263220875
  },
  "end_to_end_latency": {
    "mean": 29.952666157259944,
    "p50": 31.841275695629953,
    "p90": 52.14880970466826,
    "p95": 53.7074955160285,
    "p99": 54.11265871592899
  }
}