{
  "total_requests": 623,
  "completed_requests": 273,
  "rejected_requests": 0,
  "simulation_time": 60.023816628733705,
  "throughput": {
    "requests_per_sec": 4.548194622287872,
    "tokens_per_sec": 555.3962055795267
  },
  "xpu_utilization": 1.0,
  "memory": {
    "peak_memory_gb": 79.77005362510681,
    "p95_memory_gb": 79.55566954612732,
    "p50_memory_gb": 51.48284125328064
  },
  "first_token_latency": {
    "mean": 17.436246721275264,
    "p50": 17.851103067188177,
    "p90": 30.189628356989097,
    "p95": 31.91019952059851,
    "p99": 33.318261104332734
  },
  "end_to_end_latency": {
    "mean": 19.413017817763624,
    "p50": 19.802999608716316,
    "p90": 31.540211033979038,
    "p95": 33.74442289988523,
    "p99": 35.14808612804795
  }
}