{
  "total_requests": 623,
  "completed_requests": 190,
  "rejected_requests": 0,
  "simulation_time": 62.006224210733805,
  "throughput": {
    "requests_per_sec": 3.064208511620828,
    "tokens_per_sec": 361.01214490859076
  },
  "xpu_utilization": 1.0,
  "memory": {
    "peak_memory_gb": 79.76166486740112,
    "p95_memory_gb": 79.61666440963745,
    "p50_memory_gb": 63.05428647994995
  },
  "first_token_latency": {
    "mean": 20.66418987468158,
    "p50": 19.485883708373173,
    "p90": 37.27711616394457,
    "p95": 38.0233380720602,
    "p99": 38.60327709039909
  },
  "end_to_end_latency": {
    "mean": 24.70942276925697,
    "p50": 24.552805224372662,
    "p90": 41.19884819528073,
    "p95": 42.35171600757157,
    "p99": 43.40959445877237
  }
}