{
  "total_requests": 623,
  "completed_requests": 111,
  "rejected_requests": 0,
  "simulation_time": 60.01625618514446,
  "throughput": {
    "requests_per_sec": 1.8494989033900338,
    "tokens_per_sec": 221.52331459973422
  },
  "xpu_utilization": 1.0,
  "memory": {
    "peak_memory_gb": 79.99926662445068,
    "p95_memory_gb": 79.75560283660889,
    "p50_memory_gb": 75.40139675140381
  },
  "first_token_latency": {
    "mean": 24.565035315275495,
    "p50": 25.212913071682358,
    "p90": 43.78499528636444,
    "p95": 47.448655980233184,
    "p99": 47.75870803782097
  },
  "end_to_end_latency": {
    "mean": 26.512556876368432,
    "p50": 27.508623323145336,
    "p90": 45.83087732682884,
    "p95": 47.630778744570975,
    "p99": 49.965801466795526
  }
}