{
  "total_requests": 623,
  "completed_requests": 340,
  "rejected_requests": 0,
  "simulation_time": 60.00252372173264,
  "throughput": {
    "requests_per_sec": 5.666428325194821,
    "tokens_per_sec": 708.3702045120019
  },
  "xpu_utilization": 1.0,
  "memory": {
    "peak_memory_gb": 79.93637800216675,
    "p95_memory_gb": 79.29445180892944,
    "p50_memory_gb": 63.72576856613159
  },
  "first_token_latency": {
    "mean": 13.61767689212978,
    "p50": 13.842002413777312,
    "p90": 22.99790026506688,
    "p95": 23.77195717573701,
    "p99": 25.49130068128975
  },
  "end_to_end_latency": {
    "mean": 15.741465013492427,
    "p50": 16.036435080432458,
    "p90": 25.084805801885945,
    "p95": 26.03374049596771,
    "p99": 28.012331635973784
  }
}