{
  "total_requests": 623,
  "completed_requests": 487,
  "rejected_requests": 0,
  "simulation_time": 60.02052725700788,
  "throughput": {
    "requests_per_sec": 8.113890734659263,
    "tokens_per_sec": 1020.8007626731795
  },
  "xpu_utilization": 1.0,
  "memory": {
    "peak_memory_gb": 79.97473120689392,
    "p95_memory_gb": 78.94377980232238,
    "p50_memory_gb": 52.024009466171265
  },
  "first_token_latency": {
    "mean": 6.139281801956655,
    "p50": 6.3171039919769285,
    "p90": 10.067299158963127,
    "p95": 10.807271232400058,
    "p99": 12.116741529562871
  },
  "end_to_end_latency": {
    "mean": 8.383244324163071,
    "p50": 8.515524242984903,
    "p90": 12.358994741473246,
    "p95": 13.229349373478707,
    "p99": 15.070314842772945
  }
}