{
  "total_requests": 623,
  "completed_requests": 436,
  "rejected_requests": 0,
  "simulation_time": 60.00091739447778,
  "throughput": {
    "requests_per_sec": 7.26655556170092,
    "tokens_per_sec": 946.102200851092
  },
  "xpu_utilization": 1.0,
  "memory": {
    "peak_memory_gb": 191.924147605896,
    "p95_memory_gb": 191.559157371521,
    "p50_memory_gb": 135.99023342132568
  },
  "first_token_latency": {
    "mean": 8.974215632265603,
    "p50": 9.165671713531403,
    "p90": 14.108247517711952,
    "p95": 15.565607730368164,
    "p99": 17.21349132349218
  },
  "end_to_end_latency": {
    "mean": 11.930920613927347,
    "p50": 12.24312945976557,
    "p90": 17.30049542321492,
    "p95": 18.1391076923362,
    "p99": 20.031081045438
  }
}