{
  "total_requests": 623,
  "completed_requests": 599,
  "rejected_requests": 0,
  "simulation_time": 60.0059879301711,
  "throughput": {
    "requests_per_sec": 9.982337107707577,
    "tokens_per_sec": 1251.3751142199699
  },
  "xpu_utilization": 1.0,
  "memory": {
    "peak_memory_gb": 59.63737654685974,
    "p95_memory_gb": 54.3692090511322,
    "p50_memory_gb": 33.63080382347107
  },
  "first_token_latency": {
    "mean": 1.1891477126182484,
    "p50": 1.1464112056909066,
    "p90": 1.9775698816716165,
    "p95": 2.098796946324132,
    "p99": 2.373090920331725
  },
  "end_to_end_latency": {
    "mean": 2.280552832307095,
    "p50": 2.275355700473604,
    "p90": 3.256172385014889,
    "p95": 3.4690973195389043,
    "p99": 3.7788890442928067
  }
}