{
  "total_requests": 623,
  "completed_requests": 565,
  "rejected_requests": 0,
  "simulation_time": 60.006443386329934,
  "throughput": {
    "requests_per_sec": 9.415655521565416,
    "tokens_per_sec": 1161.6252533287034
  },
  "xpu_utilization": 1.0,
  "memory": {
    "peak_memory_gb": 118.5222544670105,
    "p95_memory_gb": 109.00727396011352,
    "p50_memory_gb": 69.47104978561401
  },
  "first_token_latency": {
    "mean": 3.014160794386847,
    "p50": 2.876593510388979,
    "p90": 4.860547521583384,
    "p95": 5.198896791196715,
    "p99": 5.619681138733941
  },
  "end_to_end_latency": {
    "mean": 5.161257548929179,
    "p50": 5.145553728103138,
    "p90": 7.297854993867742,
    "p95": 7.830079692143765,
    "p99": 8.48833996979402
  }
}