{
  "total_requests": 616,
  "completed_requests": 170,
  "rejected_requests": 0,
  "simulation_time": 62.149356388767025,
  "throughput": {
    "requests_per_sec": 2.7353461061863236,
    "tokens_per_sec": 379.3925049280431
  },
  "xpu_utilization": 1.0,
  "memory": {
    "peak_memory_gb": 79.92795515060425,
    "p95_memory_gb": 78.81671190261841,
    "p50_memory_gb": 66.87655782699585
  },
  "first_token_latency": {
    "mean": 20.280445996880143,
    "p50": 22.889081480515912,
    "p90": 35.7502550160278,
    "p95": 36.691053895189135,
    "p99": 37.58560729200381
  },
  "end_to_end_latency": {
    "mean": 25.10302685905759,
    "p50": 24.232083049252395,
    "p90": 40.933244987598755,
    "p95": 43.20353486688832,
    "p99": 44.26589292023446
  }
}