{
  "total_requests": 616,
  "completed_requests": 251,
  "rejected_requests": 0,
  "simulation_time": 60.019124542396334,
  "throughput": {
    "requests_per_sec": 4.1820003526159155,
    "tokens_per_sec": 570.4848289783623
  },
  "xpu_utilization": 1.0,
  "memory": {
    "peak_memory_gb": 79.99962592124939,
    "p95_memory_gb": 79.07343459129333,
    "p50_memory_gb": 56.20800757408142
  },
  "first_token_latency": {
    "mean": 17.45407681275083,
    "p50": 17.580381457730745,
    "p90": 29.717785833262912,
    "p95": 31.002956240248693,
    "p99": 32.44941639148622
  },
  "end_to_end_latency": {
    "mean": 19.992555522901807,
    "p50": 20.539888251567668,
    "p90": 31.265952708614215,
    "p95": 32.55303907950463,
    "p99": 33.860944614108206
  }
}