{
  "total_requests": 616,
  "completed_requests": 49,
  "rejected_requests": 0,
  "simulation_time": 60.96717148827588,
  "throughput": {
    "requests_per_sec": 0.8037112236611273,
    "tokens_per_sec": 116.98098871737061
  },
  "xpu_utilization": 1.0,
  "memory": {
    "peak_memory_gb": 79.91857814788818,
    "p95_memory_gb": 79.3068380355835,
    "p50_memory_gb": 75.65403652191162
  },
  "first_token_latency": {
    "mean": 26.188128435572363,
    "p50": 22.719305487806647,
    "p90": 48.09877691514373,
    "p95": 48.23657775941779,
    "p99": 48.393398006850845
  },
  "end_to_end_latency": {
    "mean": 31.322873855927178,
    "p50": 30.904015986467197,
    "p90": 52.126195028674495,
    "p95": 54.124197711483255,
    "p99": 55.15007501301824
  }
}