{
  "total_requests": 616,
  "completed_requests": 470,
  "rejected_requests": 0,
  "simulation_time": 60.003926634211055,
  "throughput": {
    "requests_per_sec": 7.832820722969669,
    "tokens_per_sec": 1037.8654113694874
  },
  "xpu_utilization": 1.0,
  "memory": {
    "peak_memory_gb": 79.99962592124939,
    "p95_memory_gb": 78.99900164604188,
    "p50_memory_gb": 53.62549948692322
  },
  "first_token_latency": {
    "mean": 5.663028360973,
    "p50": 5.237870272629628,
    "p90": 10.023925430545049,
    "p95": 11.211931535830214,
    "p99": 12.88372869171433
  },
  "end_to_end_latency": {
    "mean": 8.408647988471072,
    "p50": 8.082864730591519,
    "p90": 12.873927655850828,
    "p95": 13.94169830391591,
    "p99": 15.989292480154129
  }
}