{
  "total_requests": 616,
  "completed_requests": 308,
  "rejected_requests": 0,
  "simulation_time": 60.014212337477204,
  "throughput": {
    "requests_per_sec": 5.132117676860062,
    "tokens_per_sec": 713.0977535678676
  },
  "xpu_utilization": 1.0,
  "memory": {
    "peak_memory_gb": 79.77780866622925,
    "p95_memory_gb": 79.22824811935425,
    "p50_memory_gb": 62.190505504608154
  },
  "first_token_latency": {
    "mean": 13.88423472982933,
    "p50": 14.261561987642681,
    "p90": 23.03599142960093,
    "p95": 24.361470538872343,
    "p99": 25.96987221640151
  },
  "end_to_end_latency": {
    "mean": 15.893535249691102,
    "p50": 16.657630519336962,
    "p90": 24.399443777344473,
    "p95": 25.38081432066034,
    "p99": 26.962322381740304
  }
}