{
  "total_requests": 616,
  "completed_requests": 94,
  "rejected_requests": 0,
  "simulation_time": 60.00328939011657,
  "throughput": {
    "requests_per_sec": 1.5665807817443287,
    "tokens_per_sec": 216.77144923562216
  },
  "xpu_utilization": 1.0,
  "memory": {
    "peak_memory_gb": 79.95785427093506,
    "p95_memory_gb": 79.36281490325928,
    "p50_memory_gb": 75.67065334320068
  },
  "first_token_latency": {
    "mean": 27.748068500893066,
    "p50": 29.448760182435663,
    "p90": 46.29122472792213,
    "p95": 49.932530062681664,
    "p99": 50.375026428417826
  },
  "end_to_end_latency": {
    "mean": 29.054559710289528,
    "p50": 30.21716048804364,
    "p90": 47.2622452553082,
    "p95": 49.44145426211729,
    "p99": 50.31871163059
  }
}