{
  "total_requests": 616,
  "completed_requests": 439,
  "rejected_requests": 0,
  "simulation_time": 60.00354163993104,
  "throughput": {
    "requests_per_sec": 7.316234808844269,
    "tokens_per_sec": 977.8922776276883
  },
  "xpu_utilization": 1.0,
  "memory": {
    "peak_memory_gb": 191.8866262435913,
    "p95_memory_gb": 190.79130458831787,
    "p50_memory_gb": 132.0978536605835
  },
  "first_token_latency": {
    "mean": 8.231900627151456,
    "p50": 8.103280724450993,
    "p90": 13.12252496806154,
    "p95": 14.371711294415334,
    "p99": 15.79334900495934
  },
  "end_to_end_latency": {
    "mean": 12.154239703666436,
    "p50": 12.049580075182298,
    "p90": 17.543507103914244,
    "p95": 18.9213508207657,
    "p99": 20.41220060849631
  }
}