{
  "total_requests": 616,
  "completed_requests": 209,
  "rejected_requests": 0,
  "simulation_time": 60.019412944538686,
  "throughput": {
    "requests_per_sec": 3.482206668584509,
    "tokens_per_sec": 483.2936307924921
  },
  "xpu_utilization": 1.0,
  "memory": {
    "peak_memory_gb": 191.77241325378418,
    "p95_memory_gb": 191.502836227417,
    "p50_memory_gb": 172.77258110046387
  },
  "first_token_latency": {
    "mean": 19.254246692484852,
    "p50": 19.361692268539727,
    "p90": 32.734841210785746,
    "p95": 34.490203470644644,
    "p99": 35.30897392355651
  },
  "end_to_end_latency": {
    "mean": 23.15483948912565,
    "p50": 23.178410661378777,
    "p90": 36.04704791042889,
    "p95": 37.78580845142781,
    "p99": 39.79059483814141
  }
}