{
  "total_requests": 616,
  "completed_requests": 546,
  "rejected_requests": 0,
  "simulation_time": 61.08320072140944,
  "throughput": {
    "requests_per_sec": 8.938627864152329,
    "tokens_per_sec": 1182.1417205907976
  },
  "xpu_utilization": 1.0,
  "memory": {
    "peak_memory_gb": 134.69378232955933,
    "p95_memory_gb": 123.45266981124878,
    "p50_memory_gb": 71.74471426010132
  },
  "first_token_latency": {
    "mean": 3.0457052411585943,
    "p50": 2.9430163647251124,
    "p90": 4.915944267021892,
    "p95": 5.462535575620976,
    "p99": 6.486878230482291
  },
  "end_to_end_latency": {
    "mean": 5.379156254312607,
    "p50": 5.266494983370546,
    "p90": 7.8149192765247015,
    "p95": 8.429409022610844,
    "p99": 9.810997855911774
  }
}