{
  "total_requests": 616,
  "completed_requests": 585,
  "rejected_requests": 0,
  "simulation_time": 60.001126004824435,
  "throughput": {
    "requests_per_sec": 9.749817027649826,
    "tokens_per_sec": 1283.8259067639208
  },
  "xpu_utilization": 1.0,
  "memory": {
    "peak_memory_gb": 75.01553511619568,
    "p95_memory_gb": 60.878406286239624,
    "p50_memory_gb": 35.63946890830994
  },
  "first_token_latency": {
    "mean": 1.3237031550340772,
    "p50": 1.3058027206500142,
    "p90": 2.202722452414669,
    "p95": 2.447254915691037,
    "p99": 2.98742573143198
  },
  "end_to_end_latency": {
    "mean": 2.52783586902945,
    "p50": 2.496215681190705,
    "p90": 3.631662155575989,
    "p95": 4.001088980905136,
    "p99": 4.581384082842963
  }
}