{
  "total_requests": 575,
  "completed_requests": 64,
  "rejected_requests": 0,
  "simulation_time": 60.03290659481151,
  "throughput": {
    "requests_per_sec": 1.066081981203478,
    "tokens_per_sec": 128.49619379693172
  },
  "xpu_utilization": 1.0,
  "memory": {
    "peak_memory_gb": 79.97627925872803,
    "p95_memory_gb": 79.8363790512085,
    "p50_memory_gb": 75.60679531097412
  },
  "first_token_latency": {
    "mean": 28.86448329608988,
    "p50": 25.33124771687759,
    "p90": 52.701455330969765,
    "p95": 53.0996061097994,
    "p99": 53.34415758987431
  },
  "end_to_end_latency": {
    "mean": 29.643314632740648,
    "p50": 30.20308973317308,
    "p90": 50.16828862571569,
    "p95": 51.3636474855778,
    "p99": 52.00312992901703
  }
}