{
  "total_requests": 575,
  "completed_requests": 178,
  "rejected_requests": 0,
  "simulation_time": 60.01149932366635,
  "throughput": {
    "requests_per_sec": 2.966098197946594,
    "tokens_per_sec": 382.65999448115497
  },
  "xpu_utilization": 1.0,
  "memory": {
    "peak_memory_gb": 79.62754011154175,
    "p95_memory_gb": 79.39286375045776,
    "p50_memory_gb": 67.19634962081909
  },
  "first_token_latency": {
    "mean": 21.263284404269196,
    "p50": 20.431323433849485,
    "p90": 38.66975086904903,
    "p95": 39.814913010686965,
    "p99": 40.290939114718576
  },
  "end_to_end_latency": {
    "mean": 22.791875275061845,
    "p50": 22.39204867581931,
    "p90": 37.73133909083458,
    "p95": 39.18151543739392,
    "p99": 41.561865514365046
  }
}