{
  "total_requests": 575,
  "completed_requests": 277,
  "rejected_requests": 0,
  "simulation_time": 60.01091392694403,
  "throughput": {
    "requests_per_sec": 4.615827053345892,
    "tokens_per_sec": 582.1107814243034
  },
  "xpu_utilization": 1.0,
  "memory": {
    "peak_memory_gb": 79.91467642784119,
    "p95_memory_gb": 79.776691198349,
    "p50_memory_gb": 58.99013113975525
  },
  "first_token_latency": {
    "mean": 15.455774536738762,
    "p50": 15.650847219911526,
    "p90": 26.92671532654131,
    "p95": 27.96350331520817,
    "p99": 30.45015310457877
  },
  "end_to_end_latency": {
    "mean": 18.31488569849112,
    "p50": 17.987487022532513,
    "p90": 29.240230570706004,
    "p95": 30.34782475522185,
    "p99": 32.10988693946301
  }
}