{
  "total_requests": 575,
  "completed_requests": 348,
  "rejected_requests": 0,
  "simulation_time": 60.007677723132616,
  "throughput": {
    "requests_per_sec": 5.799257915055893,
    "tokens_per_sec": 702.360124557071
  },
  "xpu_utilization": 1.0,
  "memory": {
    "peak_memory_gb": 79.91815137863159,
    "p95_memory_gb": 79.54682111740112,
    "p50_memory_gb": 59.72418928146362
  },
  "first_token_latency": {
    "mean": 12.397194375527564,
    "p50": 13.080629744846902,
    "p90": 20.885553642125867,
    "p95": 22.19219256872152,
    "p99": 23.747397895698487
  },
  "end_to_end_latency": {
    "mean": 14.151445312830441,
    "p50": 14.862412000431497,
    "p90": 22.220473155221104,
    "p95": 23.100295265764068,
    "p99": 24.720419080069245
  }
}