{
  "total_requests": 575,
  "completed_requests": 116,
  "rejected_requests": 0,
  "simulation_time": 60.01085464154656,
  "throughput": {
    "requests_per_sec": 1.9329836359252779,
    "tokens_per_sec": 227.7088050424045
  },
  "xpu_utilization": 1.0,
  "memory": {
    "peak_memory_gb": 79.97627925872803,
    "p95_memory_gb": 79.71188106536866,
    "p50_memory_gb": 75.26011562347412
  },
  "first_token_latency": {
    "mean": 23.791890571338822,
    "p50": 24.026546975212945,
    "p90": 42.08470484759753,
    "p95": 45.53890889467065,
    "p99": 45.82856981816152
  },
  "end_to_end_latency": {
    "mean": 26.16192952819425,
    "p50": 26.63014807656436,
    "p90": 44.294815347335316,
    "p95": 47.71031670074885,
    "p99": 48.639714826190165
  }
}