{
  "total_requests": 575,
  "completed_requests": 495,
  "rejected_requests": 0,
  "simulation_time": 60.23488916817146,
  "throughput": {
    "requests_per_sec": 8.217828684269605,
    "tokens_per_sec": 1011.8056302858492
  },
  "xpu_utilization": 1.0,
  "memory": {
    "peak_memory_gb": 79.87411856651306,
    "p95_memory_gb": 78.66358160972595,
    "p50_memory_gb": 50.238452672958374
  },
  "first_token_latency": {
    "mean": 3.8229219931780007,
    "p50": 3.7842958681990737,
    "p90": 6.287408115325968,
    "p95": 6.632021023107039,
    "p99": 7.720379560049571
  },
  "end_to_end_latency": {
    "mean": 6.366884964261433,
    "p50": 6.573333664581398,
    "p90": 9.070195149965,
    "p95": 9.672745090462275,
    "p99": 10.618235688369593
  }
}