{
  "total_requests": 575,
  "completed_requests": 222,
  "rejected_requests": 0,
  "simulation_time": 60.00747727988765,
  "throughput": {
    "requests_per_sec": 3.699538958529197,
    "tokens_per_sec": 445.4278235248959
  },
  "xpu_utilization": 1.0,
  "memory": {
    "peak_memory_gb": 191.99743461608887,
    "p95_memory_gb": 191.2796672821045,
    "p50_memory_gb": 172.0605754852295
  },
  "first_token_latency": {
    "mean": 20.37593196094819,
    "p50": 19.918354652574518,
    "p90": 35.87921019609564,
    "p95": 37.36425400244852,
    "p99": 38.61338688513964
  },
  "end_to_end_latency": {
    "mean": 21.503933880964997,
    "p50": 21.604387422727758,
    "p90": 35.026854410692955,
    "p95": 36.057932598880576,
    "p99": 37.515716813302944
  }
}