{
  "total_requests": 575,
  "completed_requests": 549,
  "rejected_requests": 0,
  "simulation_time": 60.000460549644025,
  "throughput": {
    "requests_per_sec": 9.149929766718385,
    "tokens_per_sec": 1140.6412446346803
  },
  "xpu_utilization": 1.0,
  "memory": {
    "peak_memory_gb": 46.66159224510193,
    "p95_memory_gb": 44.55724234580994,
    "p50_memory_gb": 30.597333669662476
  },
  "first_token_latency": {
    "mean": 0.970391534449906,
    "p50": 0.9781594980178099,
    "p90": 1.6401758692201902,
    "p95": 1.7667449618920346,
    "p99": 2.007422263117899
  },
  "end_to_end_latency": {
    "mean": 1.9107356556250044,
    "p50": 1.8820290689331571,
    "p90": 2.731808017539866,
    "p95": 2.921063306808202,
    "p99": 3.240921365807682
  }
}