{
  "total_requests": 575,
  "completed_requests": 434,
  "rejected_requests": 0,
  "simulation_time": 60.01955865783649,
  "throughput": {
    "requests_per_sec": 7.230976196845702,
    "tokens_per_sec": 907.3209003493695
  },
  "xpu_utilization": 1.0,
  "memory": {
    "peak_memory_gb": 191.7887258529663,
    "p95_memory_gb": 191.63883113861084,
    "p50_memory_gb": 125.13223171234131
  },
  "first_token_latency": {
    "mean": 7.4412313193976365,
    "p50": 7.179163095877836,
    "p90": 11.9055471361469,
    "p95": 12.526643200902365,
    "p99": 13.31715887042434
  },
  "end_to_end_latency": {
    "mean": 10.666395308663294,
    "p50": 10.645886425916618,
    "p90": 15.78718465937445,
    "p95": 16.940193718177472,
    "p99": 17.69758718507289
  }
}