{
  "total_requests": 575,
  "completed_requests": 532,
  "rejected_requests": 0,
  "simulation_time": 60.61492885530408,
  "throughput": {
    "requests_per_sec": 8.77671573730549,
    "tokens_per_sec": 1083.9738863151451
  },
  "xpu_utilization": 1.0,
  "memory": {
    "peak_memory_gb": 104.0774302482605,
    "p95_memory_gb": 89.12848005294799,
    "p50_memory_gb": 61.58274030685425
  },
  "first_token_latency": {
    "mean": 2.4030106461533505,
    "p50": 2.346262157610667,
    "p90": 4.011257494861028,
    "p95": 4.194737331139491,
    "p99": 4.642694092773771
  },
  "end_to_end_latency": {
    "mean": 4.245927874134983,
    "p50": 4.166330978544563,
    "p90": 6.071237691170432,
    "p95": 6.565813975773747,
    "p99": 7.170382366736428
  }
}