{
  "total_requests": 627,
  "completed_requests": 251,
  "rejected_requests": 0,
  "simulation_time": 60.032003177794756,
  "throughput": {
    "requests_per_sec": 4.181103190187104,
    "tokens_per_sec": 571.6617501228726
  },
  "xpu_utilization": 1.0,
  "memory": {
    "peak_memory_gb": 79.77325797080994,
    "p95_memory_gb": 79.10142493247986,
    "p50_memory_gb": 62.59231448173523
  },
  "first_token_latency": {
    "mean": 16.855318484408745,
    "p50": 16.748176496727595,
    "p90": 30.291836291385824,
    "p95": 31.6585437264256,
    "p99": 32.34795958108732
  },
  "end_to_end_latency": {
    "mean": 19.2312974116321,
    "p50": 19.279339574148338,
    "p90": 31.677713823286414,
    "p95": 32.91216216295812,
    "p99": 34.17337657593687
  }
}