{
  "total_requests": 627,
  "completed_requests": 62,
  "rejected_requests": 0,
  "simulation_time": 60.00591331823371,
  "throughput": {
    "requests_per_sec": 1.0332315028885721,
    "tokens_per_sec": 135.3366618541628
  },
  "xpu_utilization": 1.0,
  "memory": {
    "peak_memory_gb": 79.99976253509521,
    "p95_memory_gb": 79.9561861038208,
    "p50_memory_gb": 77.23012828826904
  },
  "first_token_latency": {
    "mean": 24.51333726355696,
    "p50": 23.906716327318378,
    "p90": 46.763403636826986,
    "p95": 46.86655483671871,
    "p99": 47.0397456760186
  },
  "end_to_end_latency": {
    "mean": 28.788504706300795,
    "p50": 29.082062029652974,
    "p90": 50.9718428245337,
    "p95": 51.982923495471546,
    "p99": 52.69020824832616
  }
}