{
  "total_requests": 627,
  "completed_requests": 174,
  "rejected_requests": 0,
  "simulation_time": 60.0057401168087,
  "throughput": {
    "requests_per_sec": 2.8997225875605763,
    "tokens_per_sec": 385.9797405200604
  },
  "xpu_utilization": 1.0,
  "memory": {
    "peak_memory_gb": 79.92001295089722,
    "p95_memory_gb": 79.59402151107788,
    "p50_memory_gb": 65.581214427948
  },
  "first_token_latency": {
    "mean": 21.95206320462569,
    "p50": 21.84603822237319,
    "p90": 39.21677919361973,
    "p95": 40.0054370855761,
    "p99": 40.60889660264718
  },
  "end_to_end_latency": {
    "mean": 24.248035497181498,
    "p50": 24.432567968618514,
    "p90": 38.6443990202294,
    "p95": 40.355531071931004,
    "p99": 42.8162025153184
  }
}