{
  "total_requests": 627,
  "completed_requests": 328,
  "rejected_requests": 0,
  "simulation_time": 60.003365030515916,
  "throughput": {
    "requests_per_sec": 5.466360092191313,
    "tokens_per_sec": 716.9264586764814
  },
  "xpu_utilization": 1.0,
  "memory": {
    "peak_memory_gb": 79.9998927116394,
    "p95_memory_gb": 79.80903062820434,
    "p50_memory_gb": 64.6104063987732
  },
  "first_token_latency": {
    "mean": 13.623178407989506,
    "p50": 13.924483704274083,
    "p90": 23.851571638642504,
    "p95": 24.96495207873895,
    "p99": 26.334786110083105
  },
  "end_to_end_latency": {
    "mean": 16.12637648736443,
    "p50": 16.11385031724671,
    "p90": 26.301193058310147,
    "p95": 27.605599717370147,
    "p99": 29.369756724986615
  }
}