{
  "total_requests": 627,
  "completed_requests": 105,
  "rejected_requests": 0,
  "simulation_time": 60.018170305478534,
  "throughput": {
    "requests_per_sec": 1.749470193202732,
    "tokens_per_sec": 232.6295508333004
  },
  "xpu_utilization": 1.0,
  "memory": {
    "peak_memory_gb": 79.99976253509521,
    "p95_memory_gb": 79.91792964935303,
    "p50_memory_gb": 76.6520299911499
  },
  "first_token_latency": {
    "mean": 22.826161631901524,
    "p50": 20.82134450985003,
    "p90": 41.437657004812955,
    "p95": 45.23977337438984,
    "p99": 45.60027501057234
  },
  "end_to_end_latency": {
    "mean": 25.530238842207464,
    "p50": 24.248829073310258,
    "p90": 44.165110144343906,
    "p95": 47.506135511519446,
    "p99": 48.742638344272834
  }
}