{
  "total_requests": 627,
  "completed_requests": 470,
  "rejected_requests": 0,
  "simulation_time": 60.01089522149002,
  "throughput": {
    "requests_per_sec": 7.831911159887048,
    "tokens_per_sec": 1019.2315874350879
  },
  "xpu_utilization": 1.0,
  "memory": {
    "peak_memory_gb": 79.65870070457458,
    "p95_memory_gb": 78.98621726036072,
    "p50_memory_gb": 55.633838415145874
  },
  "first_token_latency": {
    "mean": 6.945409998536237,
    "p50": 6.6688022897910315,
    "p90": 12.496411406435879,
    "p95": 13.139142546927502,
    "p99": 14.311976704080482
  },
  "end_to_end_latency": {
    "mean": 9.422125863673276,
    "p50": 9.431947775334253,
    "p90": 14.607388322564546,
    "p95": 15.7168797401288,
    "p99": 16.912127366389726
  }
}