{
  "total_requests": 627,
  "completed_requests": 549,
  "rejected_requests": 0,
  "simulation_time": 60.00915269041464,
  "throughput": {
    "requests_per_sec": 9.148604427599137,
    "tokens_per_sec": 1211.515189608948
  },
  "xpu_utilization": 1.0,
  "memory": {
    "peak_memory_gb": 126.31610059738159,
    "p95_memory_gb": 119.50002317428589,
    "p50_memory_gb": 75.32469892501831
  },
  "first_token_latency": {
    "mean": 3.329266366998022,
    "p50": 3.079869903270346,
    "p90": 5.422665654701419,
    "p95": 6.08975166521896,
    "p99": 6.7773754602944125
  },
  "end_to_end_latency": {
    "mean": 5.6452903709282936,
    "p50": 5.595343304999261,
    "p90": 8.10168469942006,
    "p95": 8.708953829169626,
    "p99": 9.822104111460408
  }
}