{
  "total_requests": 627,
  "completed_requests": 604,
  "rejected_requests": 0,
  "simulation_time": 60.3444310438005,
  "throughput": {
    "requests_per_sec": 10.009208630396923,
    "tokens_per_sec": 1265.8500325333275
  },
  "xpu_utilization": 1.0,
  "memory": {
    "peak_memory_gb": 68.02305960655212,
    "p95_memory_gb": 55.84074378013611,
    "p50_memory_gb": 36.81988787651062
  },
  "first_token_latency": {
    "mean": 1.3865560157577015,
    "p50": 1.3552908755221083,
    "p90": 2.2387465402516353,
    "p95": 2.4678903383433584,
    "p99": 2.938550568135399
  },
  "end_to_end_latency": {
    "mean": 2.5969300802426223,
    "p50": 2.6522171496108484,
    "p90": 3.6926151078435634,
    "p95": 3.895632419815878,
    "p99": 4.519829613724862
  }
}