{
  "total_requests": 627,
  "completed_requests": 204,
  "rejected_requests": 0,
  "simulation_time": 60.00942503703355,
  "throughput": {
    "requests_per_sec": 3.3994659984511717,
    "tokens_per_sec": 449.91265927540775
  },
  "xpu_utilization": 1.0,
  "memory": {
    "peak_memory_gb": 191.86649894714355,
    "p95_memory_gb": 191.6645793914795,
    "p50_memory_gb": 168.487699508667
  },
  "first_token_latency": {
    "mean": 20.960816637728982,
    "p50": 20.146082014707584,
    "p90": 37.126537849350164,
    "p95": 38.6829578286358,
    "p99": 39.23689453144505
  },
  "end_to_end_latency": {
    "mean": 22.042019374318144,
    "p50": 22.180160334660687,
    "p90": 35.14750254433039,
    "p95": 36.36392820815655,
    "p99": 37.247437420667694
  }
}