{
  "total_requests": 627,
  "completed_requests": 416,
  "rejected_requests": 0,
  "simulation_time": 60.01225504780736,
  "throughput": {
    "requests_per_sec": 6.931917483664018,
    "tokens_per_sec": 914.7131691063763
  },
  "xpu_utilization": 1.0,
  "memory": {
    "peak_memory_gb": 191.108717918396,
    "p95_memory_gb": 191.01571559906006,
    "p50_memory_gb": 130.83753871917725
  },
  "first_token_latency": {
    "mean": 9.961764949946955,
    "p50": 10.230791661472256,
    "p90": 15.826521110974953,
    "p95": 17.07176243853454,
    "p99": 19.761582570794864
  },
  "end_to_end_latency": {
    "mean": 12.783709137381415,
    "p50": 13.155790937599239,
    "p90": 18.80380364248718,
    "p95": 20.02508706232622,
    "p99": 21.073272420089992
  }
}