{
  "total_requests": 579,
  "completed_requests": 57,
  "rejected_requests": 0,
  "simulation_time": 60.00525508490423,
  "throughput": {
    "requests_per_sec": 0.9499168017759119,
    "tokens_per_sec": 130.22192787854343
  },
  "xpu_utilization": 1.0,
  "memory": {
    "peak_memory_gb": 79.99976253509521,
    "p95_memory_gb": 79.95746517181396,
    "p50_memory_gb": 76.68916606903076
  },
  "first_token_latency": {
    "mean": 26.966503978558325,
    "p50": 26.649110264882058,
    "p90": 49.47519098009973,
    "p95": 49.57285180701595,
    "p99": 49.76978552705261
  },
  "end_to_end_latency": {
    "mean": 29.95588826238681,
    "p50": 28.97292037763013,
    "p90": 48.33272472001929,
    "p95": 52.81254411836086,
    "p99": 53.87049092293004
  }
}