{
  "total_requests": 579,
  "completed_requests": 252,
  "rejected_requests": 0,
  "simulation_time": 60.01728356849448,
  "throughput": {
    "requests_per_sec": 4.198790498613721,
    "tokens_per_sec": 571.8686011643656
  },
  "xpu_utilization": 1.0,
  "memory": {
    "peak_memory_gb": 79.61845755577087,
    "p95_memory_gb": 79.31025099754333,
    "p50_memory_gb": 55.28355288505554
  },
  "first_token_latency": {
    "mean": 17.083491693348,
    "p50": 17.173450584625392,
    "p90": 29.4897540895031,
    "p95": 31.313480309614306,
    "p99": 32.70925192407217
  },
  "end_to_end_latency": {
    "mean": 19.347836827130184,
    "p50": 20.203872911176163,
    "p90": 30.84246758344209,
    "p95": 31.875525809258743,
    "p99": 33.11615553246165
  }
}