{
  "total_requests": 579,
  "completed_requests": 170,
  "rejected_requests": 0,
  "simulation_time": 60.74246691929715,
  "throughput": {
    "requests_per_sec": 2.798700952100993,
    "tokens_per_sec": 365.6749738121603
  },
  "xpu_utilization": 1.0,
  "memory": {
    "peak_memory_gb": 79.56421613693237,
    "p95_memory_gb": 79.18942594528198,
    "p50_memory_gb": 67.71440076828003
  },
  "first_token_latency": {
    "mean": 19.808368820589084,
    "p50": 21.43242769108683,
    "p90": 35.293029627587686,
    "p95": 36.2469113036927,
    "p99": 37.079437615415664
  },
  "end_to_end_latency": {
    "mean": 24.395096130062228,
    "p50": 24.359769188046606,
    "p90": 39.89499976688427,
    "p95": 41.20488554033596,
    "p99": 42.36947683971429
  }
}