{
  "total_requests": 579,
  "completed_requests": 103,
  "rejected_requests": 0,
  "simulation_time": 60.00163915977976,
  "throughput": {
    "requests_per_sec": 1.7166197697652712,
    "tokens_per_sec": 220.84396669086996
  },
  "xpu_utilization": 1.0,
  "memory": {
    "peak_memory_gb": 79.99976253509521,
    "p95_memory_gb": 79.80127544403076,
    "p50_memory_gb": 75.74978542327881
  },
  "first_token_latency": {
    "mean": 25.701227026003004,
    "p50": 25.994638421543783,
    "p90": 45.2569753561905,
    "p95": 49.636051040831155,
    "p99": 49.98199636993067
  },
  "end_to_end_latency": {
    "mean": 26.417892337411303,
    "p50": 25.84395789171507,
    "p90": 44.49889634119734,
    "p95": 47.855867383925926,
    "p99": 48.59267901736605
  }
}