{
  "total_requests": 579,
  "completed_requests": 464,
  "rejected_requests": 0,
  "simulation_time": 60.00307567317981,
  "throughput": {
    "requests_per_sec": 7.732936933554539,
    "tokens_per_sec": 1027.1806787989233
  },
  "xpu_utilization": 1.0,
  "memory": {
    "peak_memory_gb": 79.95720267295837,
    "p95_memory_gb": 79.34769034385681,
    "p50_memory_gb": 50.820850133895874
  },
  "first_token_latency": {
    "mean": 5.730891175727693,
    "p50": 5.8650370297413215,
    "p90": 9.18294438592065,
    "p95": 9.935990366695195,
    "p99": 11.440561620783955
  },
  "end_to_end_latency": {
    "mean": 8.127427499654273,
    "p50": 8.377511482636095,
    "p90": 11.776865151447927,
    "p95": 12.526308878399584,
    "p99": 13.445741427169402
  }
}