{
  "total_requests": 579,
  "completed_requests": 319,
  "rejected_requests": 0,
  "simulation_time": 60.00066865437228,
  "throughput": {
    "requests_per_sec": 5.316607417120081,
    "tokens_per_sec": 712.1753966801197
  },
  "xpu_utilization": 1.0,
  "memory": {
    "peak_memory_gb": 79.91646528244019,
    "p95_memory_gb": 79.62181806564331,
    "p50_memory_gb": 60.614943981170654
  },
  "first_token_latency": {
    "mean": 13.594586595212578,
    "p50": 13.882248781698232,
    "p90": 23.17185585131939,
    "p95": 24.780641289763206,
    "p99": 26.03866985706484
  },
  "end_to_end_latency": {
    "mean": 15.669937744226658,
    "p50": 15.75079823919465,
    "p90": 25.218185336480847,
    "p95": 26.064184614902718,
    "p99": 27.277423305797807
  }
}