{
  "total_requests": 579,
  "completed_requests": 564,
  "rejected_requests": 0,
  "simulation_time": 60.00272187303017,
  "throughput": {
    "requests_per_sec": 9.399573592569055,
    "tokens_per_sec": 1211.6117024464013
  },
  "xpu_utilization": 1.0,
  "memory": {
    "peak_memory_gb": 56.8216073513031,
    "p95_memory_gb": 49.10597205162048,
    "p50_memory_gb": 33.061641454696655
  },
  "first_token_latency": {
    "mean": 1.139172699518518,
    "p50": 1.1208680710041001,
    "p90": 1.8980788223285985,
    "p95": 2.0712029707718465,
    "p99": 2.244536924525069
  },
  "end_to_end_latency": {
    "mean": 2.2021772505179253,
    "p50": 2.2170371357304384,
    "p90": 3.0816950176097793,
    "p95": 3.3599378332596337,
    "p99": 3.7006928855457897
  }
}