{
  "total_requests": 579,
  "completed_requests": 446,
  "rejected_requests": 0,
  "simulation_time": 60.011316121658396,
  "throughput": {
    "requests_per_sec": 7.431931655953739,
    "tokens_per_sec": 969.8004270063939
  },
  "xpu_utilization": 1.0,
  "memory": {
    "peak_memory_gb": 191.1262502670288,
    "p95_memory_gb": 190.57404232025146,
    "p50_memory_gb": 130.27122402191162
  },
  "first_token_latency": {
    "mean": 8.12020677623029,
    "p50": 8.299270793544888,
    "p90": 13.296589463410045,
    "p95": 14.21698297681261,
    "p99": 15.170125787744121
  },
  "end_to_end_latency": {
    "mean": 11.983976287258793,
    "p50": 12.292097513815591,
    "p90": 17.16369946777769,
    "p95": 18.715390938495656,
    "p99": 20.08626016875381
  }
}