{
  "total_requests": 579,
  "completed_requests": 537,
  "rejected_requests": 0,
  "simulation_time": 60.12612915715324,
  "throughput": {
    "requests_per_sec": 8.931225201549713,
    "tokens_per_sec": 1144.2945182812352
  },
  "xpu_utilization": 1.0,
  "memory": {
    "peak_memory_gb": 105.27148008346558,
    "p95_memory_gb": 99.37151670455933,
    "p50_memory_gb": 64.83925199508667
  },
  "first_token_latency": {
    "mean": 2.816595188589371,
    "p50": 2.8256667627208856,
    "p90": 4.5125274333583,
    "p95": 4.797378939377536,
    "p99": 5.2712381822894585
  },
  "end_to_end_latency": {
    "mean": 4.9169446815341376,
    "p50": 4.95970543621349,
    "p90": 6.902114996864246,
    "p95": 7.199143000188154,
    "p99": 7.9011255450916265
  }
}