{
  "total_requests": 579,
  "completed_requests": 216,
  "rejected_requests": 0,
  "simulation_time": 60.0148877899816,
  "throughput": {
    "requests_per_sec": 3.5991069541924112,
    "tokens_per_sec": 469.1335939596636
  },
  "xpu_utilization": 1.0,
  "memory": {
    "peak_memory_gb": 191.99970817565918,
    "p95_memory_gb": 191.9011516571045,
    "p50_memory_gb": 173.604154586792
  },
  "first_token_latency": {
    "mean": 19.218147273331166,
    "p50": 20.060995590892365,
    "p90": 32.872539529499775,
    "p95": 34.42703822013039,
    "p99": 35.85726804085522
  },
  "end_to_end_latency": {
    "mean": 23.175589749765308,
    "p50": 23.397227210911012,
    "p90": 36.69434813120314,
    "p95": 38.057305228594004,
    "p99": 40.86684659887458
  }
}