{
  "total_requests": 650,
  "completed_requests": 61,
  "rejected_requests": 0,
  "simulation_time": 60.02665348854043,
  "throughput": {
    "requests_per_sec": 1.0162152386463688,
    "tokens_per_sec": 128.50957952324737
  },
  "xpu_utilization": 1.0,
  "memory": {
    "peak_memory_gb": 79.99942684173584,
    "p95_memory_gb": 79.87085666656495,
    "p50_memory_gb": 75.68741512298584
  },
  "first_token_latency": {
    "mean": 25.46986487878032,
    "p50": 24.110494940981546,
    "p90": 47.926243399090595,
    "p95": 48.134223346149206,
    "p99": 48.30514186750631
  },
  "end_to_end_latency": {
    "mean": 29.524847976125095,
    "p50": 28.62390851194097,
    "p90": 50.94767531457843,
    "p95": 53.32390029573036,
    "p99": 54.092200656805176
  }
}