{
  "total_requests": 650,
  "completed_requests": 253,
  "rejected_requests": 0,
  "simulation_time": 60.00599036565778,
  "throughput": {
    "requests_per_sec": 4.216245719107325,
    "tokens_per_sec": 560.3440555702161
  },
  "xpu_utilization": 1.0,
  "memory": {
    "peak_memory_gb": 79.72000479698181,
    "p95_memory_gb": 79.30664610862732,
    "p50_memory_gb": 59.318897008895874
  },
  "first_token_latency": {
    "mean": 18.200874306197004,
    "p50": 17.765710757634977,
    "p90": 31.98604270994674,
    "p95": 33.635090358671064,
    "p99": 34.86013621627796
  },
  "end_to_end_latency": {
    "mean": 20.152865555070363,
    "p50": 20.611224159979137,
    "p90": 32.90494984366765,
    "p95": 34.08104368468819,
    "p99": 35.50589803605816
  }
}