{
  "total_requests": 650,
  "completed_requests": 172,
  "rejected_requests": 0,
  "simulation_time": 60.02016086708637,
  "throughput": {
    "requests_per_sec": 2.865703748793528,
    "tokens_per_sec": 361.64514867042044
  },
  "xpu_utilization": 1.0,
  "memory": {
    "peak_memory_gb": 79.99897718429565,
    "p95_memory_gb": 79.56172132492065,
    "p50_memory_gb": 62.52728605270386
  },
  "first_token_latency": {
    "mean": 23.375839980288237,
    "p50": 23.47708396433096,
    "p90": 42.75378781392782,
    "p95": 43.69260139285719,
    "p99": 44.007887985482114
  },
  "end_to_end_latency": {
    "mean": 24.452436692851755,
    "p50": 26.4493127381334,
    "p90": 40.36741050516533,
    "p95": 41.64209714450923,
    "p99": 43.31106162639808
  }
}