{
  "total_requests": 650,
  "completed_requests": 324,
  "rejected_requests": 0,
  "simulation_time": 60.00698593330416,
  "throughput": {
    "requests_per_sec": 5.399371339199,
    "tokens_per_sec": 688.3365221160947
  },
  "xpu_utilization": 1.0,
  "memory": {
    "peak_memory_gb": 79.70818281173706,
    "p95_memory_gb": 79.57859754562378,
    "p50_memory_gb": 61.327563762664795
  },
  "first_token_latency": {
    "mean": 15.229413494236235,
    "p50": 15.553580617280367,
    "p90": 25.97078759625605,
    "p95": 27.95203959187011,
    "p99": 28.98589132991555
  },
  "end_to_end_latency": {
    "mean": 17.355482387502455,
    "p50": 17.28426868491234,
    "p90": 27.93542002543717,
    "p95": 29.3862989929,
    "p99": 30.77954133884905
  }
}