{
  "total_requests": 650,
  "completed_requests": 466,
  "rejected_requests": 0,
  "simulation_time": 60.021778867788804,
  "throughput": {
    "requests_per_sec": 7.763848536153314,
    "tokens_per_sec": 1005.6183128619697
  },
  "xpu_utilization": 1.0,
  "memory": {
    "peak_memory_gb": 79.60052847862244,
    "p95_memory_gb": 79.04053282737732,
    "p50_memory_gb": 52.5542733669281
  },
  "first_token_latency": {
    "mean": 8.051508031987487,
    "p50": 8.113308134427003,
    "p90": 13.727794770215942,
    "p95": 14.765101350158249,
    "p99": 16.225197051192865
  },
  "end_to_end_latency": {
    "mean": 10.173074266089792,
    "p50": 10.531858409971322,
    "p90": 15.543018872615352,
    "p95": 16.774708507173262,
    "p99": 18.16936213124567
  }
}