{
  "total_requests": 650,
  "completed_requests": 106,
  "rejected_requests": 0,
  "simulation_time": 60.00681897876037,
  "throughput": {
    "requests_per_sec": 1.7664659084414902,
    "tokens_per_sec": 221.8581192366185
  },
  "xpu_utilization": 1.0,
  "memory": {
    "peak_memory_gb": 79.99942684173584,
    "p95_memory_gb": 79.83841609954834,
    "p50_memory_gb": 75.22198390960693
  },
  "first_token_latency": {
    "mean": 25.804542182395174,
    "p50": 25.29579965657979,
    "p90": 47.178402270773205,
    "p95": 50.82062610103405,
    "p99": 51.107802215526284
  },
  "end_to_end_latency": {
    "mean": 26.41633057954647,
    "p50": 26.162911104943035,
    "p90": 46.33613109573241,
    "p95": 49.6668392269298,
    "p99": 50.681445503915604
  }
}