{
  "total_requests": 650,
  "completed_requests": 584,
  "rejected_requests": 0,
  "simulation_time": 60.247740707797405,
  "throughput": {
    "requests_per_sec": 9.693309543878337,
    "tokens_per_sec": 1217.257263731859
  },
  "xpu_utilization": 1.0,
  "memory": {
    "peak_memory_gb": 137.23030042648315,
    "p95_memory_gb": 131.45558881759644,
    "p50_memory_gb": 78.41512250900269
  },
  "first_token_latency": {
    "mean": 3.747439480269541,
    "p50": 3.5911565702552086,
    "p90": 6.041871808928475,
    "p95": 6.617650450242855,
    "p99": 7.408393824444115
  },
  "end_to_end_latency": {
    "mean": 6.386645699840869,
    "p50": 6.394433213311869,
    "p90": 9.141021119042765,
    "p95": 9.706182936787249,
    "p99": 10.599518414216293
  }
}