{
  "total_requests": 650,
  "completed_requests": 624,
  "rejected_requests": 0,
  "simulation_time": 60.0059988682582,
  "throughput": {
    "requests_per_sec": 10.398960300118954,
    "tokens_per_sec": 1338.632828633582
  },
  "xpu_utilization": 1.0,
  "memory": {
    "peak_memory_gb": 71.2383382320404,
    "p95_memory_gb": 63.41545653343201,
    "p50_memory_gb": 40.6218945980072
  },
  "first_token_latency": {
    "mean": 1.615491650478286,
    "p50": 1.6204799946588704,
    "p90": 2.6156426726913424,
    "p95": 2.7948372378009045,
    "p99": 3.1010825623640668
  },
  "end_to_end_latency": {
    "mean": 2.9437291018019005,
    "p50": 2.962016362985471,
    "p90": 4.137434870189134,
    "p95": 4.402781512048987,
    "p99": 4.823931262688515
  }
}