{
  "total_requests": 650,
  "completed_requests": 215,
  "rejected_requests": 0,
  "simulation_time": 62.183767038268144,
  "throughput": {
    "requests_per_sec": 3.457493976968107,
    "tokens_per_sec": 433.18379189576694
  },
  "xpu_utilization": 1.0,
  "memory": {
    "peak_memory_gb": 191.99981498718262,
    "p95_memory_gb": 191.5878734588623,
    "p50_memory_gb": 170.38258171081543
  },
  "first_token_latency": {
    "mean": 20.47973098857374,
    "p50": 22.258219161339,
    "p90": 35.17980583257191,
    "p95": 36.40893801137265,
    "p99": 37.265769326410876
  },
  "end_to_end_latency": {
    "mean": 24.431779897480737,
    "p50": 24.667344374938928,
    "p90": 39.255825853711485,
    "p95": 40.46295957059304,
    "p99": 42.600921960106085
  }
}