{
  "total_requests": 650,
  "completed_requests": 453,
  "rejected_requests": 0,
  "simulation_time": 62.58630994750821,
  "throughput": {
    "requests_per_sec": 7.238004611231047,
    "tokens_per_sec": 899.3180784616766
  },
  "xpu_utilization": 1.0,
  "memory": {
    "peak_memory_gb": 191.965651512146,
    "p95_memory_gb": 191.28238582611084,
    "p50_memory_gb": 135.0355749130249
  },
  "first_token_latency": {
    "mean": 10.111425426813806,
    "p50": 9.894275459281342,
    "p90": 16.083326900451787,
    "p95": 16.709714841496268,
    "p99": 18.34129456563483
  },
  "end_to_end_latency": {
    "mean": 13.952713775688716,
    "p50": 14.051404353562267,
    "p90": 20.20372534148053,
    "p95": 21.627379476462053,
    "p99": 23.48654159834936
  }
}