{
  "total_requests": 619,
  "completed_requests": 270,
  "rejected_requests": 0,
  "simulation_time": 61.42235623730615,
  "throughput": {
    "requests_per_sec": 4.39579359275719,
    "tokens_per_sec": 568.5226379965966
  },
  "xpu_utilization": 1.0,
  "memory": {
    "peak_memory_gb": 79.82292532920837,
    "p95_memory_gb": 79.37168860435486,
    "p50_memory_gb": 59.08073019981384
  },
  "first_token_latency": {
    "mean": 15.974989428800244,
    "p50": 15.771066907714546,
    "p90": 28.174219149064157,
    "p95": 29.504141045988707,
    "p99": 30.582919037115865
  },
  "end_to_end_latency": {
    "mean": 20.453921639947698,
    "p50": 21.21797415357057,
    "p90": 33.11613886989107,
    "p95": 34.28956484273916,
    "p99": 36.10445434799354
  }
}