{
  "total_requests": 619,
  "completed_requests": 176,
  "rejected_requests": 0,
  "simulation_time": 60.0115392472527,
  "throughput": {
    "requests_per_sec": 2.9327693008317097,
    "tokens_per_sec": 384.2094418708905
  },
  "xpu_utilization": 1.0,
  "memory": {
    "peak_memory_gb": 79.90842390060425,
    "p95_memory_gb": 79.66160535812378,
    "p50_memory_gb": 64.62898969650269
  },
  "first_token_latency": {
    "mean": 21.348528713653405,
    "p50": 19.35721057700008,
    "p90": 38.54916615035118,
    "p95": 39.20675695494062,
    "p99": 40.01937330687994
  },
  "end_to_end_latency": {
    "mean": 25.812933148402248,
    "p50": 25.64869149750455,
    "p90": 41.87222136082213,
    "p95": 43.49386600108946,
    "p99": 44.835895220572716
  }
}