{
  "total_requests": 619,
  "completed_requests": 54,
  "rejected_requests": 0,
  "simulation_time": 60.01614014951804,
  "throughput": {
    "requests_per_sec": 0.8997579628658217,
    "tokens_per_sec": 113.98600414750159
  },
  "xpu_utilization": 1.0,
  "memory": {
    "peak_memory_gb": 79.73422908782959,
    "p95_memory_gb": 79.61790370941162,
    "p50_memory_gb": 73.30777645111084
  },
  "first_token_latency": {
    "mean": 30.84006681735627,
    "p50": 31.70799280005216,
    "p90": 54.831022948777715,
    "p95": 55.06060620318794,
    "p99": 55.20221944751737
  },
  "end_to_end_latency": {
    "mean": 31.75389506518586,
    "p50": 30.264141279487653,
    "p90": 52.54911388623268,
    "p95": 53.21289221764852,
    "p99": 54.37760917005775
  }
}