{
  "total_requests": 619,
  "completed_requests": 322,
  "rejected_requests": 0,
  "simulation_time": 60.01478106087791,
  "throughput": {
    "requests_per_sec": 5.365344908504607,
    "tokens_per_sec": 710.6082742639627
  },
  "xpu_utilization": 1.0,
  "memory": {
    "peak_memory_gb": 79.90842390060425,
    "p95_memory_gb": 79.22344541549683,
    "p50_memory_gb": 64.1271071434021
  },
  "first_token_latency": {
    "mean": 14.604479479898403,
    "p50": 14.978240015965316,
    "p90": 25.507906100429388,
    "p95": 27.017811234634856,
    "p99": 28.460060935715084
  },
  "end_to_end_latency": {
    "mean": 16.239012058541366,
    "p50": 16.399536388269095,
    "p90": 26.082465684968046,
    "p95": 27.343118949483475,
    "p99": 29.428057281209245
  }
}