{
  "total_requests": 619,
  "completed_requests": 476,
  "rejected_requests": 0,
  "simulation_time": 60.00660640274046,
  "throughput": {
    "requests_per_sec": 7.932459916251179,
    "tokens_per_sec": 1046.0014948809617
  },
  "xpu_utilization": 1.0,
  "memory": {
    "peak_memory_gb": 79.81613516807556,
    "p95_memory_gb": 78.4882559299469,
    "p50_memory_gb": 54.33520770072937
  },
  "first_token_latency": {
    "mean": 6.002236499479349,
    "p50": 6.216003851411481,
    "p90": 9.843846431100907,
    "p95": 10.813097306706478,
    "p99": 11.706971147063639
  },
  "end_to_end_latency": {
    "mean": 8.615122961766412,
    "p50": 8.755117154900237,
    "p90": 12.736227959789833,
    "p95": 13.31470489945566,
    "p99": 14.322840252466493
  }
}