{
  "total_requests": 619,
  "completed_requests": 97,
  "rejected_requests": 0,
  "simulation_time": 60.00367103790343,
  "throughput": {
    "requests_per_sec": 1.6165677586414093,
    "tokens_per_sec": 214.6535333123851
  },
  "xpu_utilization": 1.0,
  "memory": {
    "peak_memory_gb": 79.73422908782959,
    "p95_memory_gb": 79.57201862335205,
    "p50_memory_gb": 73.97973537445068
  },
  "first_token_latency": {
    "mean": 26.90139469100196,
    "p50": 26.242027833192015,
    "p90": 46.0010393748345,
    "p95": 49.03158935999589,
    "p99": 49.48794527667968
  },
  "end_to_end_latency": {
    "mean": 27.859236355888825,
    "p50": 28.76865899647892,
    "p90": 45.81595701555048,
    "p95": 47.57561594773115,
    "p99": 49.29635162237288
  }
}