{
  "total_requests": 619,
  "completed_requests": 214,
  "rejected_requests": 0,
  "simulation_time": 60.01635614010703,
  "throughput": {
    "requests_per_sec": 3.565694649978768,
    "tokens_per_sec": 473.32097159788253
  },
  "xpu_utilization": 1.0,
  "memory": {
    "peak_memory_gb": 191.99606132507324,
    "p95_memory_gb": 191.80354118347168,
    "p50_memory_gb": 172.2883129119873
  },
  "first_token_latency": {
    "mean": 20.747617966820542,
    "p50": 20.1470303493277,
    "p90": 34.7244383726928,
    "p95": 35.95025171798739,
    "p99": 36.5471722504079
  },
  "end_to_end_latency": {
    "mean": 24.311783333233596,
    "p50": 24.011342563303646,
    "p90": 37.593570035330764,
    "p95": 39.628510623231115,
    "p99": 41.15296948849106
  }
}