{
  "total_requests": 619,
  "completed_requests": 428,
  "rejected_requests": 0,
  "simulation_time": 60.01715080232048,
  "throughput": {
    "requests_per_sec": 7.131294876188157,
    "tokens_per_sec": 990.5168640178355
  },
  "xpu_utilization": 1.0,
  "memory": {
    "peak_memory_gb": 191.47912502288818,
    "p95_memory_gb": 190.5804738998413,
    "p50_memory_gb": 141.3226613998413
  },
  "first_token_latency": {
    "mean": 8.79027279043143,
    "p50": 8.862305034416188,
    "p90": 13.67895395982508,
    "p95": 15.088754262638826,
    "p99": 15.860725088919576
  },
  "end_to_end_latency": {
    "mean": 12.25727022089624,
    "p50": 12.333720292584742,
    "p90": 17.499622178232205,
    "p95": 18.699556584791075,
    "p99": 20.46090219417559
  }
}