{
  "total_requests": 619,
  "completed_requests": 577,
  "rejected_requests": 0,
  "simulation_time": 60.000610479737816,
  "throughput": {
    "requests_per_sec": 9.616568821326455,
    "tokens_per_sec": 1268.637092046011
  },
  "xpu_utilization": 1.0,
  "memory": {
    "peak_memory_gb": 64.78604292869568,
    "p95_memory_gb": 55.27396063804626,
    "p50_memory_gb": 34.570128202438354
  },
  "first_token_latency": {
    "mean": 1.2584319959256902,
    "p50": 1.203088040344653,
    "p90": 2.093901294084705,
    "p95": 2.286445985062071,
    "p99": 2.5670353208475296
  },
  "end_to_end_latency": {
    "mean": 2.3985233324298965,
    "p50": 2.373103326066764,
    "p90": 3.3799467966465584,
    "p95": 3.674889867631188,
    "p99": 4.076781734936532
  }
}