{
  "total_requests": 619,
  "completed_requests": 554,
  "rejected_requests": 0,
  "simulation_time": 60.864934881068244,
  "throughput": {
    "requests_per_sec": 9.102120968050508,
    "tokens_per_sec": 1172.1198772232694
  },
  "xpu_utilization": 1.0,
  "memory": {
    "peak_memory_gb": 127.39876508712769,
    "p95_memory_gb": 106.56870622634888,
    "p50_memory_gb": 71.13487386703491
  },
  "first_token_latency": {
    "mean": 2.9508797985900306,
    "p50": 2.9183932564028385,
    "p90": 4.725840035958655,
    "p95": 5.062814074485528,
    "p99": 5.577460123133493
  },
  "end_to_end_latency": {
    "mean": 5.156817050135857,
    "p50": 5.204910072921816,
    "p90": 7.29902826770944,
    "p95": 7.7291017417031185,
    "p99": 8.39123061056347
  }
}