{
  "total_requests": 631,
  "completed_requests": 261,
  "rejected_requests": 0,
  "simulation_time": 60.028248602096994,
  "throughput": {
    "requests_per_sec": 4.3479529401243,
    "tokens_per_sec": 575.3624469195903
  },
  "xpu_utilization": 1.0,
  "memory": {
    "peak_memory_gb": 79.91455626487732,
    "p95_memory_gb": 79.50805830955505,
    "p50_memory_gb": 62.74392485618591
  },
  "first_token_latency": {
    "mean": 17.67931822590381,
    "p50": 17.38628296806713,
    "p90": 31.328991573293216,
    "p95": 32.883935295867865,
    "p99": 34.26962977686231
  },
  "end_to_end_latency": {
    "mean": 20.167227954066107,
    "p50": 20.258294908214665,
    "p90": 32.633606071732714,
    "p95": 33.881526092319305,
    "p99": 35.360133705595686
  }
}