{
  "total_requests": 631,
  "completed_requests": 61,
  "rejected_requests": 0,
  "simulation_time": 60.03109476867069,
  "throughput": {
    "requests_per_sec": 1.0161400560003608,
    "tokens_per_sec": 125.60157413512655
  },
  "xpu_utilization": 1.0,
  "memory": {
    "peak_memory_gb": 79.9999532699585,
    "p95_memory_gb": 79.78232097625732,
    "p50_memory_gb": 75.74114894866943
  },
  "first_token_latency": {
    "mean": 27.431380435134585,
    "p50": 28.301079878472315,
    "p90": 49.456952723142855,
    "p95": 49.68659813926632,
    "p99": 49.850375386647265
  },
  "end_to_end_latency": {
    "mean": 30.920238890599926,
    "p50": 31.95340281740645,
    "p90": 48.991156786621545,
    "p95": 53.3800601256423,
    "p99": 54.4719612760337
  }
}