{
  "total_requests": 631,
  "completed_requests": 173,
  "rejected_requests": 0,
  "simulation_time": 60.02950052772038,
  "throughput": {
    "requests_per_sec": 2.8819163657727285,
    "tokens_per_sec": 378.2806753408504
  },
  "xpu_utilization": 1.0,
  "memory": {
    "peak_memory_gb": 79.93109464645386,
    "p95_memory_gb": 78.98278856277466,
    "p50_memory_gb": 66.00510358810425
  },
  "first_token_latency": {
    "mean": 22.614510451029265,
    "p50": 21.776305174487554,
    "p90": 41.463301099613915,
    "p95": 41.9062129913883,
    "p99": 42.38362836302958
  },
  "end_to_end_latency": {
    "mean": 23.8673679504729,
    "p50": 23.154991677060128,
    "p90": 39.75788652579522,
    "p95": 40.8361091581022,
    "p99": 42.065136061576766
  }
}