{
  "total_requests": 631,
  "completed_requests": 474,
  "rejected_requests": 0,
  "simulation_time": 60.01995232404499,
  "throughput": {
    "requests_per_sec": 7.89737381730821,
    "tokens_per_sec": 1039.5209856740378
  },
  "xpu_utilization": 1.0,
  "memory": {
    "peak_memory_gb": 79.99939322471619,
    "p95_memory_gb": 79.53628897666931,
    "p50_memory_gb": 56.75895094871521
  },
  "first_token_latency": {
    "mean": 7.128156083771449,
    "p50": 7.381363089061718,
    "p90": 11.680869617623669,
    "p95": 12.416148749909246,
    "p99": 13.600255476763984
  },
  "end_to_end_latency": {
    "mean": 9.547042350056373,
    "p50": 9.904412521371105,
    "p90": 14.109245470359761,
    "p95": 14.937641429454981,
    "p99": 16.26569534445868
  }
}