{
  "total_requests": 631,
  "completed_requests": 109,
  "rejected_requests": 0,
  "simulation_time": 60.015975795282515,
  "throughput": {
    "requests_per_sec": 1.8161830838476147,
    "tokens_per_sec": 227.9559703680662
  },
  "xpu_utilization": 1.0,
  "memory": {
    "peak_memory_gb": 79.9999532699585,
    "p95_memory_gb": 79.58628482818604,
    "p50_memory_gb": 75.74391841888428
  },
  "first_token_latency": {
    "mean": 25.752832089503674,
    "p50": 26.13739991955756,
    "p90": 44.993422082376334,
    "p95": 48.78775598670756,
    "p99": 49.29139899866508
  },
  "end_to_end_latency": {
    "mean": 26.899668037648304,
    "p50": 26.279755185306247,
    "p90": 45.51154160711335,
    "p95": 48.51367291157713,
    "p99": 49.67611068079233
  }
}