{
  "total_requests": 631,
  "completed_requests": 337,
  "rejected_requests": 0,
  "simulation_time": 60.71768415096804,
  "throughput": {
    "requests_per_sec": 5.550277562663383,
    "tokens_per_sec": 701.1301665286138
  },
  "xpu_utilization": 1.0,
  "memory": {
    "peak_memory_gb": 79.89361524581909,
    "p95_memory_gb": 79.20166349411011,
    "p50_memory_gb": 63.18051099777222
  },
  "first_token_latency": {
    "mean": 14.074750727067128,
    "p50": 14.559439966797644,
    "p90": 24.28525042101758,
    "p95": 25.261296300534127,
    "p99": 26.20123834418235
  },
  "end_to_end_latency": {
    "mean": 16.801505032568592,
    "p50": 17.502074887225547,
    "p90": 27.00443919181461,
    "p95": 28.22994063050523,
    "p99": 29.32276254736835
  }
}