{
  "total_requests": 631,
  "completed_requests": 216,
  "rejected_requests": 0,
  "simulation_time": 60.403027902050766,
  "throughput": {
    "requests_per_sec": 3.575979673573061,
    "tokens_per_sec": 443.28903583144574
  },
  "xpu_utilization": 1.0,
  "memory": {
    "peak_memory_gb": 191.69654655456543,
    "p95_memory_gb": 191.38447380065918,
    "p50_memory_gb": 173.30660820007324
  },
  "first_token_latency": {
    "mean": 19.707389300889208,
    "p50": 21.234772102340525,
    "p90": 34.594288088525104,
    "p95": 35.14067565613783,
    "p99": 35.55480431726656
  },
  "end_to_end_latency": {
    "mean": 23.611132909150548,
    "p50": 23.86174710381498,
    "p90": 38.449645214087916,
    "p95": 39.85744965409747,
    "p99": 40.72494016429799
  }
}