{
  "total_requests": 631,
  "completed_requests": 458,
  "rejected_requests": 0,
  "simulation_time": 62.52393753107473,
  "throughput": {
    "requests_per_sec": 7.3251944468847885,
    "tokens_per_sec": 934.2981633389122
  },
  "xpu_utilization": 1.0,
  "memory": {
    "peak_memory_gb": 191.93634700775146,
    "p95_memory_gb": 191.7631368637085,
    "p50_memory_gb": 137.21173000335693
  },
  "first_token_latency": {
    "mean": 9.190685577098524,
    "p50": 9.159128197369562,
    "p90": 14.454256057642759,
    "p95": 15.406915894949643,
    "p99": 17.061946736667547
  },
  "end_to_end_latency": {
    "mean": 13.160029402740657,
    "p50": 13.49814647010162,
    "p90": 18.83569894415878,
    "p95": 20.09555365584142,
    "p99": 21.096810770947133
  }
}