{
  "total_requests": 631,
  "completed_requests": 602,
  "rejected_requests": 0,
  "simulation_time": 60.005719737580215,
  "throughput": {
    "requests_per_sec": 10.032376957274977,
    "tokens_per_sec": 1281.3945126608476
  },
  "xpu_utilization": 1.0,
  "memory": {
    "peak_memory_gb": 66.79625296592712,
    "p95_memory_gb": 55.52781939506531,
    "p50_memory_gb": 34.99343276023865
  },
  "first_token_latency": {
    "mean": 1.2585467578181921,
    "p50": 1.2284597834494342,
    "p90": 2.1276439977194697,
    "p95": 2.342013014272124,
    "p99": 2.655573727948567
  },
  "end_to_end_latency": {
    "mean": 2.42692458800871,
    "p50": 2.414613168087418,
    "p90": 3.4831485097282546,
    "p95": 3.754306613933686,
    "p99": 4.100558111952942
  }
}