{
  "total_requests": 631,
  "completed_requests": 582,
  "rejected_requests": 0,
  "simulation_time": 60.006637898364175,
  "throughput": {
    "requests_per_sec": 9.698926991806447,
    "tokens_per_sec": 1229.430652738022
  },
  "xpu_utilization": 1.0,
  "memory": {
    "peak_memory_gb": 128.85995054244995,
    "p95_memory_gb": 117.30733213424696,
    "p50_memory_gb": 72.95471906661987
  },
  "first_token_latency": {
    "mean": 3.195027057468379,
    "p50": 3.0917705445348957,
    "p90": 5.130869665039817,
    "p95": 5.493332200686237,
    "p99": 6.074960385914674
  },
  "end_to_end_latency": {
    "mean": 5.539488790150169,
    "p50": 5.5888632368842615,
    "p90": 7.945411641428289,
    "p95": 8.371230945702074,
    "p99": 9.02122029013341
  }
}