{
  "total_requests": 581,
  "completed_requests": 56,
  "rejected_requests": 0,
  "simulation_time": 60.033104478617076,
  "throughput": {
    "requests_per_sec": 0.9328186587442998,
    "tokens_per_sec": 125.79725912208843
  },
  "xpu_utilization": 1.0,
  "memory": {
    "peak_memory_gb": 79.97274684906006,
    "p95_memory_gb": 79.85524158477783,
    "p50_memory_gb": 75.60243892669678
  },
  "first_token_latency": {
    "mean": 28.026032273103187,
    "p50": 28.800851700197,
    "p90": 49.52655514708338,
    "p95": 49.63076287956739,
    "p99": 49.738411490062965
  },
  "end_to_end_latency": {
    "mean": 30.408459061675362,
    "p50": 30.918153587310805,
    "p90": 47.8020106285483,
    "p95": 52.83164720857587,
    "p99": 53.6899602258951
  }
}