{
  "total_requests": 581,
  "completed_requests": 175,
  "rejected_requests": 0,
  "simulation_time": 61.62260775676052,
  "throughput": {
    "requests_per_sec": 2.8398668341133457,
    "tokens_per_sec": 366.4077328425442
  },
  "xpu_utilization": 1.0,
  "memory": {
    "peak_memory_gb": 79.34075117111206,
    "p95_memory_gb": 79.10767316818237,
    "p50_memory_gb": 67.46065473556519
  },
  "first_token_latency": {
    "mean": 19.30755688855097,
    "p50": 20.799392309347255,
    "p90": 33.49770271372394,
    "p95": 34.719634691161524,
    "p99": 35.90456991177721
  },
  "end_to_end_latency": {
    "mean": 23.872804421671123,
    "p50": 24.132684794565215,
    "p90": 38.84050457638899,
    "p95": 40.80230629998082,
    "p99": 41.61202909728401
  }
}