{
  "total_requests": 581,
  "completed_requests": 259,
  "rejected_requests": 0,
  "simulation_time": 60.70489203665015,
  "throughput": {
    "requests_per_sec": 4.26654246981661,
    "tokens_per_sec": 548.7366649114329
  },
  "xpu_utilization": 1.0,
  "memory": {
    "peak_memory_gb": 79.93034338951111,
    "p95_memory_gb": 79.72832083702087,
    "p50_memory_gb": 53.749568700790405
  },
  "first_token_latency": {
    "mean": 14.729815312816402,
    "p50": 14.660131563266493,
    "p90": 26.445580291654238,
    "p95": 27.98188891459073,
    "p99": 29.00279457987865
  },
  "end_to_end_latency": {
    "mean": 19.219137842222064,
    "p50": 18.90105802740053,
    "p90": 30.98808520115149,
    "p95": 32.33731532608378,
    "p99": 34.492366784252454
  }
}