{
  "total_requests": 581,
  "completed_requests": 105,
  "rejected_requests": 0,
  "simulation_time": 60.02039910244481,
  "throughput": {
    "requests_per_sec": 1.7494052283921422,
    "tokens_per_sec": 222.32441302537853
  },
  "xpu_utilization": 1.0,
  "memory": {
    "peak_memory_gb": 79.97274684906006,
    "p95_memory_gb": 79.88381862640381,
    "p50_memory_gb": 75.44081020355225
  },
  "first_token_latency": {
    "mean": 26.58467013884983,
    "p50": 26.227293944751004,
    "p90": 45.784973535604905,
    "p95": 48.84086297201402,
    "p99": 49.168481382200156
  },
  "end_to_end_latency": {
    "mean": 27.4530851506938,
    "p50": 28.13049906458693,
    "p90": 46.01542566966039,
    "p95": 47.35917980433247,
    "p99": 49.10481454962075
  }
}