{
  "total_requests": 581,
  "completed_requests": 320,
  "rejected_requests": 0,
  "simulation_time": 60.00106733110821,
  "throughput": {
    "requests_per_sec": 5.333238461144715,
    "tokens_per_sec": 708.0540711977253
  },
  "xpu_utilization": 1.0,
  "memory": {
    "peak_memory_gb": 79.9766993522644,
    "p95_memory_gb": 79.33972120285034,
    "p50_memory_gb": 62.74762678146362
  },
  "first_token_latency": {
    "mean": 12.882503870727591,
    "p50": 12.594317550315257,
    "p90": 21.87472400849652,
    "p95": 22.67879797703443,
    "p99": 24.13524088993014
  },
  "end_to_end_latency": {
    "mean": 14.904356393867932,
    "p50": 15.01435658868222,
    "p90": 23.489614956983765,
    "p95": 24.44518941769197,
    "p99": 25.44429269755343
  }
}