{
  "total_requests": 581,
  "completed_requests": 462,
  "rejected_requests": 0,
  "simulation_time": 60.00436725203106,
  "throughput": {
    "requests_per_sec": 7.699439576781171,
    "tokens_per_sec": 1008.3432718466337
  },
  "xpu_utilization": 1.0,
  "memory": {
    "peak_memory_gb": 79.91839003562927,
    "p95_memory_gb": 79.17169547080994,
    "p50_memory_gb": 52.68701529502869
  },
  "first_token_latency": {
    "mean": 4.914403342041169,
    "p50": 4.8987443228927,
    "p90": 8.205984502474704,
    "p95": 8.731072265193866,
    "p99": 9.626745773995747
  },
  "end_to_end_latency": {
    "mean": 7.294425024976457,
    "p50": 7.463456063759974,
    "p90": 10.636750497394296,
    "p95": 11.394062859253204,
    "p99": 12.273946149340507
  }
}