{
  "total_requests": 581,
  "completed_requests": 214,
  "rejected_requests": 0,
  "simulation_time": 60.02298317617777,
  "throughput": {
    "requests_per_sec": 3.5653009676622243,
    "tokens_per_sec": 465.4050585590852
  },
  "xpu_utilization": 1.0,
  "memory": {
    "peak_memory_gb": 191.84966850280762,
    "p95_memory_gb": 190.8659152984619,
    "p50_memory_gb": 170.1442928314209
  },
  "first_token_latency": {
    "mean": 18.712614201960783,
    "p50": 19.324972401030273,
    "p90": 32.58336564926189,
    "p95": 33.45285142164781,
    "p99": 33.94216035205322
  },
  "end_to_end_latency": {
    "mean": 22.48787625184235,
    "p50": 22.71245932043356,
    "p90": 35.86667634963418,
    "p95": 37.27514285725058,
    "p99": 38.309682356000486
  }
}