{
  "total_requests": 581,
  "completed_requests": 431,
  "rejected_requests": 0,
  "simulation_time": 60.93540232936447,
  "throughput": {
    "requests_per_sec": 7.073063991116101,
    "tokens_per_sec": 889.1218885723415
  },
  "xpu_utilization": 1.0,
  "memory": {
    "peak_memory_gb": 191.9991750717163,
    "p95_memory_gb": 191.1493215560913,
    "p50_memory_gb": 129.00500392913818
  },
  "first_token_latency": {
    "mean": 7.427531458499827,
    "p50": 7.43310225040851,
    "p90": 11.765541559761445,
    "p95": 12.523101237440686,
    "p99": 13.767736960208389
  },
  "end_to_end_latency": {
    "mean": 11.157785908238852,
    "p50": 11.515202487730484,
    "p90": 16.001233003413283,
    "p95": 16.91343718439983,
    "p99": 18.07431491128571
  }
}