{
  "total_requests": 581,
  "completed_requests": 551,
  "rejected_requests": 0,
  "simulation_time": 60.000923982695596,
  "throughput": {
    "requests_per_sec": 9.18319191482634,
    "tokens_per_sec": 1187.0817192838854
  },
  "xpu_utilization": 1.0,
  "memory": {
    "peak_memory_gb": 57.75080847740173,
    "p95_memory_gb": 50.303454637527466,
    "p50_memory_gb": 32.84886717796326
  },
  "first_token_latency": {
    "mean": 1.20577626665413,
    "p50": 1.1568433864750505,
    "p90": 1.9731249778208735,
    "p95": 2.237155166698397,
    "p99": 2.5068208347144965
  },
  "end_to_end_latency": {
    "mean": 2.266905095361491,
    "p50": 2.2283451093453195,
    "p90": 3.246641554660137,
    "p95": 3.5158938989751922,
    "p99": 3.971252145673894
  }
}