{
  "total_requests": 581,
  "completed_requests": 517,
  "rejected_requests": 0,
  "simulation_time": 60.00412811121477,
  "throughput": {
    "requests_per_sec": 8.61607386481419,
    "tokens_per_sec": 1128.622348690419
  },
  "xpu_utilization": 1.0,
  "memory": {
    "peak_memory_gb": 105.40137052536011,
    "p95_memory_gb": 99.7039288520813,
    "p50_memory_gb": 66.57483434677124
  },
  "first_token_latency": {
    "mean": 2.8769911314229804,
    "p50": 2.8389795194410468,
    "p90": 4.593012660065703,
    "p95": 4.891789542675582,
    "p99": 5.211857810640021
  },
  "end_to_end_latency": {
    "mean": 4.83256627060392,
    "p50": 4.834984035050561,
    "p90": 6.737696013155365,
    "p95": 7.0869607600164075,
    "p99": 7.688526878489191
  }
}