{
  "total_requests": 628,
  "completed_requests": 57,
  "rejected_requests": 0,
  "simulation_time": 60.02264831668788,
  "throughput": {
    "requests_per_sec": 0.949641536962182,
    "tokens_per_sec": 131.6836264587559
  },
  "xpu_utilization": 1.0,
  "memory": {
    "peak_memory_gb": 79.96888637542725,
    "p95_memory_gb": 79.91525936126709,
    "p50_memory_gb": 75.65182399749756
  },
  "first_token_latency": {
    "mean": 28.639260893131333,
    "p50": 30.017064082380283,
    "p90": 50.39050926613572,
    "p95": 50.59849879728742,
    "p99": 50.84632075476319
  },
  "end_to_end_latency": {
    "mean": 31.31496791287251,
    "p50": 33.173353186223046,
    "p90": 49.68110792225235,
    "p95": 53.191224976398644,
    "p99": 54.11575809205219
  }
}