{
  "total_requests": 628,
  "completed_requests": 178,
  "rejected_requests": 0,
  "simulation_time": 62.0728016953711,
  "throughput": {
    "requests_per_sec": 2.8676005454619884,
    "tokens_per_sec": 361.1404574585472
  },
  "xpu_utilization": 1.0,
  "memory": {
    "peak_memory_gb": 79.77902173995972,
    "p95_memory_gb": 79.70806837081909,
    "p50_memory_gb": 62.867202281951904
  },
  "first_token_latency": {
    "mean": 21.561781143331086,
    "p50": 23.735436291682255,
    "p90": 39.32737039545088,
    "p95": 39.816463535995396,
    "p99": 40.599255044195786
  },
  "end_to_end_latency": {
    "mean": 25.93987262162578,
    "p50": 25.131741678430835,
    "p90": 43.485266114055705,
    "p95": 44.40149128666765,
    "p99": 45.890629016302945
  }
}