{
  "total_requests": 628,
  "completed_requests": 264,
  "rejected_requests": 0,
  "simulation_time": 60.45058239749372,
  "throughput": {
    "requests_per_sec": 4.367203582325543,
    "tokens_per_sec": 562.7406494831451
  },
  "xpu_utilization": 1.0,
  "memory": {
    "peak_memory_gb": 79.97359251976013,
    "p95_memory_gb": 79.45873999595642,
    "p50_memory_gb": 55.18019461631775
  },
  "first_token_latency": {
    "mean": 16.06624392031141,
    "p50": 16.789994103168997,
    "p90": 27.03396831997755,
    "p95": 27.97657914829951,
    "p99": 29.407153054518478
  },
  "end_to_end_latency": {
    "mean": 20.480507011242494,
    "p50": 20.67330509006934,
    "p90": 32.16624529415823,
    "p95": 33.22107400895499,
    "p99": 35.01132272795215
  }
}