{
  "total_requests": 628,
  "completed_requests": 100,
  "rejected_requests": 0,
  "simulation_time": 60.00068664496416,
  "throughput": {
    "requests_per_sec": 1.666647593413716,
    "tokens_per_sec": 231.99734500318925
  },
  "xpu_utilization": 1.0,
  "memory": {
    "peak_memory_gb": 79.96888637542725,
    "p95_memory_gb": 79.80019550323486,
    "p50_memory_gb": 76.08407878875732
  },
  "first_token_latency": {
    "mean": 25.236186632995274,
    "p50": 23.926651068061982,
    "p90": 43.96119566685147,
    "p95": 48.61794817459238,
    "p99": 48.95088408102985
  },
  "end_to_end_latency": {
    "mean": 26.98382615310783,
    "p50": 26.691479473814,
    "p90": 46.321347473405055,
    "p95": 48.34006547823628,
    "p99": 51.16722424704964
  }
}