{
  "total_requests": 628,
  "completed_requests": 323,
  "rejected_requests": 0,
  "simulation_time": 60.011838092590416,
  "throughput": {
    "requests_per_sec": 5.382271402879766,
    "tokens_per_sec": 711.8762123914132
  },
  "xpu_utilization": 1.0,
  "memory": {
    "peak_memory_gb": 79.70680952072144,
    "p95_memory_gb": 78.84289827346802,
    "p50_memory_gb": 64.61278486251831
  },
  "first_token_latency": {
    "mean": 14.860765267899492,
    "p50": 15.830106782669212,
    "p90": 25.33874514874588,
    "p95": 26.28763810807908,
    "p99": 27.44825210589274
  },
  "end_to_end_latency": {
    "mean": 16.677240473054717,
    "p50": 17.769560390556826,
    "p90": 26.29375347883159,
    "p95": 27.144680727907016,
    "p99": 28.785343556585758
  }
}