{
  "total_requests": 628,
  "completed_requests": 476,
  "rejected_requests": 0,
  "simulation_time": 60.024264998850164,
  "throughput": {
    "requests_per_sec": 7.930126258257696,
    "tokens_per_sec": 1025.002138738035
  },
  "xpu_utilization": 1.0,
  "memory": {
    "peak_memory_gb": 79.96238493919373,
    "p95_memory_gb": 79.45083975791931,
    "p50_memory_gb": 51.306381940841675
  },
  "first_token_latency": {
    "mean": 6.942899617145763,
    "p50": 7.148924592897163,
    "p90": 11.189155812809425,
    "p95": 12.141230151817235,
    "p99": 12.951868469468895
  },
  "end_to_end_latency": {
    "mean": 9.28501726876678,
    "p50": 9.395353402992773,
    "p90": 13.470312207250092,
    "p95": 14.65418429745867,
    "p99": 16.012663708874285
  }
}