{
  "total_requests": 628,
  "completed_requests": 214,
  "rejected_requests": 0,
  "simulation_time": 60.00809930716364,
  "throughput": {
    "requests_per_sec": 3.566185272834548,
    "tokens_per_sec": 463.48743454835176
  },
  "xpu_utilization": 1.0,
  "memory": {
    "peak_memory_gb": 191.9971752166748,
    "p95_memory_gb": 191.80465507507324,
    "p50_memory_gb": 170.31257438659668
  },
  "first_token_latency": {
    "mean": 20.84266073613588,
    "p50": 18.79678000485675,
    "p90": 35.624262558120535,
    "p95": 36.65742818148239,
    "p99": 37.82546868396062
  },
  "end_to_end_latency": {
    "mean": 24.311637211395155,
    "p50": 24.044588455945238,
    "p90": 38.85196007437801,
    "p95": 40.68365094608626,
    "p99": 41.838997900542
  }
}