{
  "total_requests": 628,
  "completed_requests": 591,
  "rejected_requests": 0,
  "simulation_time": 60.00734646543408,
  "throughput": {
    "requests_per_sec": 9.84879410290926,
    "tokens_per_sec": 1301.0573637841533
  },
  "xpu_utilization": 1.0,
  "memory": {
    "peak_memory_gb": 72.74126029014587,
    "p95_memory_gb": 57.101954984664914,
    "p50_memory_gb": 34.756519079208374
  },
  "first_token_latency": {
    "mean": 1.3268429447799333,
    "p50": 1.240751230402064,
    "p90": 2.311535546798679,
    "p95": 2.5732947086470985,
    "p99": 2.8004424711905136
  },
  "end_to_end_latency": {
    "mean": 2.5411919686833424,
    "p50": 2.508104789646623,
    "p90": 3.656327930311356,
    "p95": 3.9960260553227656,
    "p99": 4.4087725384082015
  }
}