{
  "total_requests": 628,
  "completed_requests": 546,
  "rejected_requests": 0,
  "simulation_time": 60.011697727892546,
  "throughput": {
    "requests_per_sec": 9.098226190428658,
    "tokens_per_sec": 1231.5099022044506
  },
  "xpu_utilization": 1.0,
  "memory": {
    "peak_memory_gb": 120.54843854904175,
    "p95_memory_gb": 112.42801237106323,
    "p50_memory_gb": 71.81741666793823
  },
  "first_token_latency": {
    "mean": 3.1514465663647666,
    "p50": 3.104859041733853,
    "p90": 5.189801751939195,
    "p95": 5.506726279989821,
    "p99": 6.002992885652938
  },
  "end_to_end_latency": {
    "mean": 5.376868991433696,
    "p50": 5.372732546645472,
    "p90": 7.662620190717362,
    "p95": 8.17362488976729,
    "p99": 8.639904540794499
  }
}