{
  "total_requests": 628,
  "completed_requests": 430,
  "rejected_requests": 0,
  "simulation_time": 60.01246267789425,
  "throughput": {
    "requests_per_sec": 7.165178378163636,
    "tokens_per_sec": 987.0616428113979
  },
  "xpu_utilization": 1.0,
  "memory": {
    "peak_memory_gb": 191.86132717132568,
    "p95_memory_gb": 190.7499532699585,
    "p50_memory_gb": 145.2687520980835
  },
  "first_token_latency": {
    "mean": 9.328218758321789,
    "p50": 9.576667598350635,
    "p90": 14.488238450059027,
    "p95": 15.87533355693172,
    "p99": 17.231638528837607
  },
  "end_to_end_latency": {
    "mean": 12.724857513063931,
    "p50": 13.289648903681776,
    "p90": 17.836980112554013,
    "p95": 19.193501095858082,
    "p99": 20.895399556941797
  }
}