{
  "total_requests": 31,
  "completed_requests": 25,
  "rejected_requests": 0,
  "simulation_time": 19.904042342100844,
  "throughput": {
    "requests_per_sec": 1.2560262669417777,
    "tokens_per_sec": 142.08169131645388
  },
  "xpu_utilization": 1.0,
  "memory": {
    "peak_memory_gb": 19.830028295516968,
    "p95_memory_gb": 19.806445837020874,
    "p50_memory_gb": 17.965625524520874
  },
  "first_token_latency": {
    "mean": 0.12256442726281637,
    "p50": 0.02377260117466129,
    "p90": 0.3403919788078007,
    "p95": 0.513152471722289,
    "p99": 0.5938802102850139
  },
  "end_to_end_latency": {
    "mean": 0.5412178943796446,
    "p50": 0.5218876257068228,
    "p90": 0.8868410262066974,
    "p95": 0.90230555034925,
    "p99": 0.9366568304245725
  }
}