Config,Arrival_Rate,Throughput_TokS,TTFT_s,E2E_Latency_s,Total_Requests,Completed_Requests,xPU_Util,Peak_Memory_GB,Cost_Hour,Tokens_Dollar
Aggregated MI300X,1.0,142.08169131645388,0.12256442726281637,0.5412178943796446,31,25,1.0,19.830028295516968,0,0
Aggregated MI300X,1.5,196.93678952743988,0.15140908112916585,0.6177199042168747,40,31,1.0,21.36895728111267,0,0
Disaggregated A100→MI300X (100GB/s),1.0,141.4453557102706,0.2087058120415634,0.6620068071419202,31,25,1.0,54.24677586555481,0,0
Disaggregated A100→MI300X (100GB/s),1.5,198.96852829026287,0.22716537031273643,0.7292338462718192,40,32,1.0,55.463202714920044,0,0
