{
  "total_requests": 31,
  "completed_requests": 25,
  "rejected_requests": 0,
  "simulation_time": 19.993586822268878,
  "throughput": {
    "requests_per_sec": 1.2504009521770738,
    "tokens_per_sec": 141.4453557102706
  },
  "xpu_utilization": 1.0,
  "memory": {
    "peak_memory_gb": 54.24677586555481,
    "p95_memory_gb": 54.24677586555481,
    "p50_memory_gb": 52.227317094802856
  },
  "first_token_latency": {
    "mean": 0.2087058120415634,
    "p50": 0.113342822068069,
    "p90": 0.4403351536524714,
    "p95": 0.5964905030799775,
    "p99": 0.6881574134320734
  },
  "end_to_end_latency": {
    "mean": 0.6620068071419202,
    "p50": 0.635880086681194,
    "p90": 1.0423692151462185,
    "p95": 1.0643806792828883,
    "p99": 1.0962472980328826
  }
}