{
  "total_requests": 618,
  "completed_requests": 164,
  "rejected_requests": 0,
  "simulation_time": 60.03677394783767,
  "throughput": {
    "requests_per_sec": 2.731659101844641,
    "tokens_per_sec": 382.78205987494937
  },
  "xpu_utilization": 1.0,
  "memory": {
    "peak_memory_gb": 79.99897718429565,
    "p95_memory_gb": 79.72588300704956,
    "p50_memory_gb": 66.01177930831909
  },
  "first_token_latency": {
    "mean": 21.642429459210863,
    "p50": 20.209092192580783,
    "p90": 39.319218204113625,
    "p95": 40.13465965052491,
    "p99": 40.829811100103996
  },
  "end_to_end_latency": {
    "mean": 23.079627208239412,
    "p50": 24.105454940373825,
    "p90": 38.52090315998043,
    "p95": 40.06535421218379,
    "p99": 42.60493270900633
  }
}