{
  "total_requests": 618,
  "completed_requests": 59,
  "rejected_requests": 0,
  "simulation_time": 60.01317196682666,
  "throughput": {
    "requests_per_sec": 0.983117506813559,
    "tokens_per_sec": 129.6048808134892
  },
  "xpu_utilization": 1.0,
  "memory": {
    "peak_memory_gb": 79.85851192474365,
    "p95_memory_gb": 79.81545925140381,
    "p50_memory_gb": 75.60538387298584
  },
  "first_token_latency": {
    "mean": 24.95315946848594,
    "p50": 25.27019746054915,
    "p90": 47.14968745643096,
    "p95": 47.61229355793004,
    "p99": 47.92444671504349
  },
  "end_to_end_latency": {
    "mean": 28.166984047628926,
    "p50": 28.58755241795972,
    "p90": 47.88363040689114,
    "p95": 52.396513201895736,
    "p99": 53.14179549070321
  }
}