{
  "total_requests": 618,
  "completed_requests": 261,
  "rejected_requests": 0,
  "simulation_time": 60.000125297081624,
  "throughput": {
    "requests_per_sec": 4.349990915980552,
    "tokens_per_sec": 572.7488039374393
  },
  "xpu_utilization": 1.0,
  "memory": {
    "peak_memory_gb": 79.87640738487244,
    "p95_memory_gb": 79.69009757041931,
    "p50_memory_gb": 56.180743932724
  },
  "first_token_latency": {
    "mean": 16.46089948141305,
    "p50": 16.960674859352384,
    "p90": 29.600242662304787,
    "p95": 30.51409083630675,
    "p99": 31.778677367920398
  },
  "end_to_end_latency": {
    "mean": 20.25767819169471,
    "p50": 20.863074424089753,
    "p90": 33.006873348535464,
    "p95": 34.55523744605175,
    "p99": 35.426858093500734
  }
}