{
  "total_requests": 618,
  "completed_requests": 321,
  "rejected_requests": 0,
  "simulation_time": 60.005834069066104,
  "throughput": {
    "requests_per_sec": 5.3494798460851705,
    "tokens_per_sec": 688.7663614912775
  },
  "xpu_utilization": 1.0,
  "memory": {
    "peak_memory_gb": 79.7765040397644,
    "p95_memory_gb": 79.55211553573608,
    "p50_memory_gb": 61.35716199874878
  },
  "first_token_latency": {
    "mean": 13.891935384140595,
    "p50": 14.19956905440279,
    "p90": 23.459803019156126,
    "p95": 24.511969752606955,
    "p99": 25.604244441847097
  },
  "end_to_end_latency": {
    "mean": 16.561943150614482,
    "p50": 16.948749406775352,
    "p90": 25.792230650796725,
    "p95": 27.327946859834924,
    "p99": 29.13294678411142
  }
}