{
  "total_requests": 618,
  "completed_requests": 467,
  "rejected_requests": 0,
  "simulation_time": 60.019405395990596,
  "throughput": {
    "requests_per_sec": 7.780816836136075,
    "tokens_per_sec": 981.0327111959919
  },
  "xpu_utilization": 1.0,
  "memory": {
    "peak_memory_gb": 79.70312857627869,
    "p95_memory_gb": 79.23126578330994,
    "p50_memory_gb": 49.333614110946655
  },
  "first_token_latency": {
    "mean": 7.035382371252243,
    "p50": 7.239076110837523,
    "p90": 11.429519868436302,
    "p95": 12.419486816029245,
    "p99": 13.852068621550453
  },
  "end_to_end_latency": {
    "mean": 9.13362349572396,
    "p50": 9.572992396013245,
    "p90": 13.332775590464463,
    "p95": 13.933734081232494,
    "p99": 15.514935812193128
  }
}