{
  "total_requests": 618,
  "completed_requests": 103,
  "rejected_requests": 0,
  "simulation_time": 60.00133485236956,
  "throughput": {
    "requests_per_sec": 1.7166284759068546,
    "tokens_per_sec": 230.86153056564808
  },
  "xpu_utilization": 1.0,
  "memory": {
    "peak_memory_gb": 79.85851192474365,
    "p95_memory_gb": 79.71546840667725,
    "p50_memory_gb": 75.53260707855225
  },
  "first_token_latency": {
    "mean": 23.41215176362821,
    "p50": 21.518649360002303,
    "p90": 42.99564340257637,
    "p95": 47.020577857686064,
    "p99": 47.33618046122403
  },
  "end_to_end_latency": {
    "mean": 25.83538640694773,
    "p50": 25.151957892465724,
    "p90": 46.47885629843503,
    "p95": 48.55593715047453,
    "p99": 49.79600106025205
  }
}