{
  "total_requests": 618,
  "completed_requests": 198,
  "rejected_requests": 0,
  "simulation_time": 60.024274083059844,
  "throughput": {
    "requests_per_sec": 3.298665465341794,
    "tokens_per_sec": 445.48643708706857
  },
  "xpu_utilization": 1.0,
  "memory": {
    "peak_memory_gb": 191.7898235321045,
    "p95_memory_gb": 191.39217948913574,
    "p50_memory_gb": 169.12663078308105
  },
  "first_token_latency": {
    "mean": 21.152347741126093,
    "p50": 20.659135348582808,
    "p90": 37.9086511532359,
    "p95": 39.34664316675409,
    "p99": 40.25774332673953
  },
  "end_to_end_latency": {
    "mean": 22.0097407281188,
    "p50": 22.0672934694517,
    "p90": 35.75098255005,
    "p95": 36.997405710990385,
    "p99": 38.835634364147296
  }
}