{
  "total_requests": 618,
  "completed_requests": 595,
  "rejected_requests": 0,
  "simulation_time": 60.049095751601435,
  "throughput": {
    "requests_per_sec": 9.90855886425454,
    "tokens_per_sec": 1247.8955604922924
  },
  "xpu_utilization": 1.0,
  "memory": {
    "peak_memory_gb": 67.08181738853455,
    "p95_memory_gb": 62.01972489356994,
    "p50_memory_gb": 34.65651202201843
  },
  "first_token_latency": {
    "mean": 1.4420681038687573,
    "p50": 1.378118732137267,
    "p90": 2.4603782049686025,
    "p95": 2.7315158525025387,
    "p99": 3.103741177583594
  },
  "end_to_end_latency": {
    "mean": 2.663515759449483,
    "p50": 2.611533798088331,
    "p90": 3.8923126378940425,
    "p95": 4.201472903088095,
    "p99": 4.789398133214865
  }
}