{
  "total_requests": 618,
  "completed_requests": 414,
  "rejected_requests": 0,
  "simulation_time": 60.013880273697076,
  "throughput": {
    "requests_per_sec": 6.898404137708259,
    "tokens_per_sec": 909.2896468471973
  },
  "xpu_utilization": 1.0,
  "memory": {
    "peak_memory_gb": 191.22054958343506,
    "p95_memory_gb": 190.84969997406006,
    "p50_memory_gb": 126.72994136810303
  },
  "first_token_latency": {
    "mean": 9.55539329550134,
    "p50": 9.990113993330418,
    "p90": 14.939274539110896,
    "p95": 16.08693192204118,
    "p99": 17.512055981062087
  },
  "end_to_end_latency": {
    "mean": 12.396296514359102,
    "p50": 12.97632092345585,
    "p90": 18.029946520991494,
    "p95": 18.86879333457424,
    "p99": 19.70146523298993
  }
}