{
  "total_requests": 618,
  "completed_requests": 553,
  "rejected_requests": 0,
  "simulation_time": 60.68149606183085,
  "throughput": {
    "requests_per_sec": 9.113156990007724,
    "tokens_per_sec": 1151.7019937805965
  },
  "xpu_utilization": 1.0,
  "memory": {
    "peak_memory_gb": 126.64673566818237,
    "p95_memory_gb": 122.24738264083862,
    "p50_memory_gb": 68.2668948173523
  },
  "first_token_latency": {
    "mean": 3.3077590411398163,
    "p50": 3.2324970164000693,
    "p90": 5.344031529154404,
    "p95": 5.70696997396172,
    "p99": 6.503979028818938
  },
  "end_to_end_latency": {
    "mean": 5.628821608273877,
    "p50": 5.635948908590983,
    "p90": 8.131402489231883,
    "p95": 8.772955204329273,
    "p99": 9.407636082966956
  }
}