{
  "total_requests": 564,
  "completed_requests": 183,
  "rejected_requests": 0,
  "simulation_time": 60.00334119493194,
  "throughput": {
    "requests_per_sec": 3.0498301653818025,
    "tokens_per_sec": 388.71168730800633
  },
  "xpu_utilization": 1.0,
  "memory": {
    "peak_memory_gb": 79.9790186882019,
    "p95_memory_gb": 79.91939115524292,
    "p50_memory_gb": 65.37747144699097
  },
  "first_token_latency": {
    "mean": 19.97120227185628,
    "p50": 18.33601773218794,
    "p90": 36.340815875835816,
    "p95": 37.04877923882967,
    "p99": 37.770157326703
  },
  "end_to_end_latency": {
    "mean": 23.55981596227698,
    "p50": 22.5318700587276,
    "p90": 40.021101465270824,
    "p95": 41.401407369868096,
    "p99": 42.175362714780285
  }
}