{
  "total_requests": 564,
  "completed_requests": 64,
  "rejected_requests": 0,
  "simulation_time": 60.03618704949339,
  "throughput": {
    "requests_per_sec": 1.0660237291092265,
    "tokens_per_sec": 129.671792673677
  },
  "xpu_utilization": 1.0,
  "memory": {
    "peak_memory_gb": 79.95878505706787,
    "p95_memory_gb": 79.91467952728271,
    "p50_memory_gb": 76.37420558929443
  },
  "first_token_latency": {
    "mean": 27.921119252062617,
    "p50": 28.64502906132776,
    "p90": 51.11664140012869,
    "p95": 51.75498121144726,
    "p99": 52.249274936976384
  },
  "end_to_end_latency": {
    "mean": 29.171694717199493,
    "p50": 28.89428262466518,
    "p90": 49.15406220788857,
    "p95": 50.93444080900864,
    "p99": 51.475654280449795
  }
}