{
  "total_requests": 564,
  "completed_requests": 268,
  "rejected_requests": 0,
  "simulation_time": 60.18638851655089,
  "throughput": {
    "requests_per_sec": 4.452834047789753,
    "tokens_per_sec": 543.1792936206813
  },
  "xpu_utilization": 1.0,
  "memory": {
    "peak_memory_gb": 79.70201468467712,
    "p95_memory_gb": 79.34398818016052,
    "p50_memory_gb": 51.692718267440796
  },
  "first_token_latency": {
    "mean": 14.735654739714539,
    "p50": 14.2881629191873,
    "p90": 26.123336695609282,
    "p95": 27.484302769263323,
    "p99": 28.90080187897942
  },
  "end_to_end_latency": {
    "mean": 18.852682153742702,
    "p50": 18.56991295059255,
    "p90": 29.978316727481825,
    "p95": 31.910535741417252,
    "p99": 33.74526018398292
  }
}