{
  "total_requests": 564,
  "completed_requests": 325,
  "rejected_requests": 0,
  "simulation_time": 60.021398755297035,
  "throughput": {
    "requests_per_sec": 5.4147355233256365,
    "tokens_per_sec": 686.0386604430146
  },
  "xpu_utilization": 1.0,
  "memory": {
    "peak_memory_gb": 79.83029890060425,
    "p95_memory_gb": 79.13080930709839,
    "p50_memory_gb": 62.183236598968506
  },
  "first_token_latency": {
    "mean": 12.916166743542812,
    "p50": 13.275591218432403,
    "p90": 21.898293001784985,
    "p95": 22.85516619901206,
    "p99": 23.8683107047692
  },
  "end_to_end_latency": {
    "mean": 14.729026847322519,
    "p50": 14.876660471902664,
    "p90": 23.403555991292716,
    "p95": 24.217290541407877,
    "p99": 25.44567394472021
  }
}