{
  "total_requests": 564,
  "completed_requests": 112,
  "rejected_requests": 0,
  "simulation_time": 60.01484514433639,
  "throughput": {
    "requests_per_sec": 1.8662049319737262,
    "tokens_per_sec": 233.02567833618357
  },
  "xpu_utilization": 1.0,
  "memory": {
    "peak_memory_gb": 79.95878505706787,
    "p95_memory_gb": 79.755934715271,
    "p50_memory_gb": 75.42933559417725
  },
  "first_token_latency": {
    "mean": 22.953643522323308,
    "p50": 23.066153797137567,
    "p90": 41.79850824005227,
    "p95": 44.55480967593007,
    "p99": 45.505016438434225
  },
  "end_to_end_latency": {
    "mean": 25.011307763622856,
    "p50": 25.2462788163365,
    "p90": 42.981285863090605,
    "p95": 45.53675087116388,
    "p99": 47.994343660620146
  }
}