{
  "total_requests": 564,
  "completed_requests": 477,
  "rejected_requests": 0,
  "simulation_time": 60.01457655947177,
  "throughput": {
    "requests_per_sec": 7.948069074974049,
    "tokens_per_sec": 1009.7380248938205
  },
  "xpu_utilization": 1.0,
  "memory": {
    "peak_memory_gb": 79.72642874717712,
    "p95_memory_gb": 79.45816397666931,
    "p50_memory_gb": 50.52104926109314
  },
  "first_token_latency": {
    "mean": 4.544503887503044,
    "p50": 4.626070537000231,
    "p90": 7.570158546277421,
    "p95": 8.282860673032816,
    "p99": 9.106564752063777
  },
  "end_to_end_latency": {
    "mean": 6.864198698355061,
    "p50": 7.052222463094662,
    "p90": 10.028691071099232,
    "p95": 10.869090771727166,
    "p99": 11.734552457312972
  }
}