{
  "total_requests": 564,
  "completed_requests": 529,
  "rejected_requests": 0,
  "simulation_time": 60.01185833941719,
  "throughput": {
    "requests_per_sec": 8.814924493890242,
    "tokens_per_sec": 1094.95026180251
  },
  "xpu_utilization": 1.0,
  "memory": {
    "peak_memory_gb": 102.15634870529175,
    "p95_memory_gb": 96.90399885177612,
    "p50_memory_gb": 62.411670207977295
  },
  "first_token_latency": {
    "mean": 2.505056927320127,
    "p50": 2.3840127025596587,
    "p90": 4.136963659522691,
    "p95": 4.4477301822696536,
    "p99": 5.130132774709317
  },
  "end_to_end_latency": {
    "mean": 4.38857254479601,
    "p50": 4.345757724171001,
    "p90": 6.365710897730209,
    "p95": 6.798370624269989,
    "p99": 7.396888834323714
  }
}