{
  "total_requests": 564,
  "completed_requests": 550,
  "rejected_requests": 0,
  "simulation_time": 60.00565590042376,
  "throughput": {
    "requests_per_sec": 9.16580265221492,
    "tokens_per_sec": 1134.3097409509246
  },
  "xpu_utilization": 1.0,
  "memory": {
    "peak_memory_gb": 58.94510817527771,
    "p95_memory_gb": 48.71353888511658,
    "p50_memory_gb": 29.889148473739624
  },
  "first_token_latency": {
    "mean": 1.0610548941329234,
    "p50": 1.0126685223714844,
    "p90": 1.7724113205852992,
    "p95": 1.95458124083167,
    "p99": 2.2882907844266778
  },
  "end_to_end_latency": {
    "mean": 2.032729701788974,
    "p50": 1.9723239416581788,
    "p90": 2.9776844855360407,
    "p95": 3.2226064386816007,
    "p99": 3.5826765728244454
  }
}