{
  "total_requests": 564,
  "completed_requests": 433,
  "rejected_requests": 0,
  "simulation_time": 60.0238266815907,
  "throughput": {
    "requests_per_sec": 7.213801983951168,
    "tokens_per_sec": 949.0731122857879
  },
  "xpu_utilization": 1.0,
  "memory": {
    "peak_memory_gb": 191.81282711029053,
    "p95_memory_gb": 190.92481899261475,
    "p50_memory_gb": 130.17870235443115
  },
  "first_token_latency": {
    "mean": 7.713667688515381,
    "p50": 7.623833746428549,
    "p90": 12.089324895422216,
    "p95": 13.077304250994212,
    "p99": 14.4869557677677
  },
  "end_to_end_latency": {
    "mean": 11.095299693529613,
    "p50": 11.29166539067353,
    "p90": 16.047053770934774,
    "p95": 16.707490567804257,
    "p99": 18.15325888807103
  }
}