{
  "total_requests": 40,
  "completed_requests": 31,
  "rejected_requests": 0,
  "simulation_time": 19.782997424445963,
  "throughput": {
    "requests_per_sec": 1.5670021753980072,
    "tokens_per_sec": 196.93678952743988
  },
  "xpu_utilization": 1.0,
  "memory": {
    "peak_memory_gb": 21.36895728111267,
    "p95_memory_gb": 20.697559118270874,
    "p50_memory_gb": 18.026660680770874
  },
  "first_token_latency": {
    "mean": 0.15140908112916585,
    "p50": 0.031225357654157015,
    "p90": 0.38881859574588873,
    "p95": 0.45779031606108145,
    "p99": 0.7544959448258604
  },
  "end_to_end_latency": {
    "mean": 0.6177199042168747,
    "p50": 0.6573425145239362,
    "p90": 0.9749421944569079,
    "p95": 0.9853097285678665,
    "p99": 1.0888470600448632
  }
}