{
  "total_requests": 40,
  "completed_requests": 32,
  "rejected_requests": 0,
  "simulation_time": 19.86746363341047,
  "throughput": {
    "requests_per_sec": 1.6106736416110328,
    "tokens_per_sec": 198.96852829026287
  },
  "xpu_utilization": 1.0,
  "memory": {
    "peak_memory_gb": 55.463202714920044,
    "p95_memory_gb": 54.342822313308716,
    "p50_memory_gb": 52.402642488479614
  },
  "first_token_latency": {
    "mean": 0.22716537031273643,
    "p50": 0.1392178852420387,
    "p90": 0.4616083092420561,
    "p95": 0.5354880837653244,
    "p99": 0.5993582907933948
  },
  "end_to_end_latency": {
    "mean": 0.7292338462718192,
    "p50": 0.7585911973983754,
    "p90": 1.1476591962331415,
    "p95": 1.1567388658317634,
    "p99": 1.1923398884671637
  }
}