{
  "total_requests": 620,
  "completed_requests": 170,
  "rejected_requests": 0,
  "simulation_time": 60.02178340887368,
  "throughput": {
    "requests_per_sec": 2.8323050456855805,
    "tokens_per_sec": 384.77697076534406
  },
  "xpu_utilization": 1.0,
  "memory": {
    "peak_memory_gb": 79.99998807907104,
    "p95_memory_gb": 79.81503248214722,
    "p50_memory_gb": 65.15991926193237
  },
  "first_token_latency": {
    "mean": 21.932058609420345,
    "p50": 20.933094178580678,
    "p90": 40.76137691277054,
    "p95": 41.947325400684576,
    "p99": 42.793417489982886
  },
  "end_to_end_latency": {
    "mean": 23.290658327790762,
    "p50": 22.976185287223267,
    "p90": 39.884127928011026,
    "p95": 40.57453638646405,
    "p99": 41.87329975297338
  }
}