{
  "total_requests": 620,
  "completed_requests": 249,
  "rejected_requests": 0,
  "simulation_time": 60.00312156559552,
  "throughput": {
    "requests_per_sec": 4.149784102945257,
    "tokens_per_sec": 589.5193296123798
  },
  "xpu_utilization": 1.0,
  "memory": {
    "peak_memory_gb": 79.92409110069275,
    "p95_memory_gb": 79.88126158714294,
    "p50_memory_gb": 60.99631094932556
  },
  "first_token_latency": {
    "mean": 16.4079029985142,
    "p50": 16.831698438002995,
    "p90": 29.968620679813842,
    "p95": 31.316025579525235,
    "p99": 32.80363426350009
  },
  "end_to_end_latency": {
    "mean": 18.868524537485765,
    "p50": 18.437516837143008,
    "p90": 31.373665244649363,
    "p95": 32.18671730875546,
    "p99": 33.574782515920745
  }
}