{
  "total_requests": 620,
  "completed_requests": 61,
  "rejected_requests": 0,
  "simulation_time": 60.010433656190635,
  "throughput": {
    "requests_per_sec": 1.016489904896851,
    "tokens_per_sec": 134.27665005998074
  },
  "xpu_utilization": 1.0,
  "memory": {
    "peak_memory_gb": 79.99389553070068,
    "p95_memory_gb": 79.94778652191162,
    "p50_memory_gb": 77.09610652923584
  },
  "first_token_latency": {
    "mean": 26.24765969565761,
    "p50": 25.753986805346482,
    "p90": 47.21577173352203,
    "p95": 47.95053426958344,
    "p99": 48.20060833047498
  },
  "end_to_end_latency": {
    "mean": 30.138516266080355,
    "p50": 30.066791411630124,
    "p90": 48.27687498828429,
    "p95": 50.747696406441726,
    "p99": 51.92596233108572
  }
}