{
  "total_requests": 620,
  "completed_requests": 319,
  "rejected_requests": 0,
  "simulation_time": 60.00050410978614,
  "throughput": {
    "requests_per_sec": 5.316621997313699,
    "tokens_per_sec": 725.6105702101771
  },
  "xpu_utilization": 1.0,
  "memory": {
    "peak_memory_gb": 79.99986600875854,
    "p95_memory_gb": 79.20534467697144,
    "p50_memory_gb": 64.03562879562378
  },
  "first_token_latency": {
    "mean": 13.127778083333647,
    "p50": 13.873596393019778,
    "p90": 23.730058839280325,
    "p95": 24.595147597444935,
    "p99": 25.613220838417575
  },
  "end_to_end_latency": {
    "mean": 15.528118881451581,
    "p50": 15.958330993132723,
    "p90": 25.756098343388683,
    "p95": 26.80246125444236,
    "p99": 28.08363863503625
  }
}