{
  "total_requests": 620,
  "completed_requests": 458,
  "rejected_requests": 0,
  "simulation_time": 60.02179690904201,
  "throughput": {
    "requests_per_sec": 7.630561289160678,
    "tokens_per_sec": 1018.8465382446352
  },
  "xpu_utilization": 1.0,
  "memory": {
    "peak_memory_gb": 79.91859793663025,
    "p95_memory_gb": 79.12426657676697,
    "p50_memory_gb": 48.47093176841736
  },
  "first_token_latency": {
    "mean": 6.422443012689876,
    "p50": 6.8017440706483505,
    "p90": 10.202377070771618,
    "p95": 10.974791170868075,
    "p99": 12.496059208234346
  },
  "end_to_end_latency": {
    "mean": 8.696968058451942,
    "p50": 9.373933196537923,
    "p90": 12.578634024559793,
    "p95": 13.175482585987606,
    "p99": 14.029418292028273
  }
}