{
  "total_requests": 620,
  "completed_requests": 106,
  "rejected_requests": 0,
  "simulation_time": 60.11359382747705,
  "throughput": {
    "requests_per_sec": 1.76332827985987,
    "tokens_per_sec": 234.7222832907808
  },
  "xpu_utilization": 1.0,
  "memory": {
    "peak_memory_gb": 79.99389553070068,
    "p95_memory_gb": 79.87340717315674,
    "p50_memory_gb": 76.59855556488037
  },
  "first_token_latency": {
    "mean": 22.279956620826454,
    "p50": 21.55092325727455,
    "p90": 40.0001576030233,
    "p95": 43.81077107635292,
    "p99": 44.24012954730789
  },
  "end_to_end_latency": {
    "mean": 25.21978968843003,
    "p50": 24.845990346392625,
    "p90": 43.92810516416883,
    "p95": 47.361083227250624,
    "p99": 48.637479360090666
  }
}