{
  "total_requests": 620,
  "completed_requests": 211,
  "rejected_requests": 0,
  "simulation_time": 61.816343053274586,
  "throughput": {
    "requests_per_sec": 3.4133368228876932,
    "tokens_per_sec": 451.7090241966496
  },
  "xpu_utilization": 1.0,
  "memory": {
    "peak_memory_gb": 191.543851852417,
    "p95_memory_gb": 191.35763359069824,
    "p50_memory_gb": 171.698637008667
  },
  "first_token_latency": {
    "mean": 18.636293312506027,
    "p50": 20.14523309613135,
    "p90": 32.521064737900616,
    "p95": 34.217138002071636,
    "p99": 34.98840914115328
  },
  "end_to_end_latency": {
    "mean": 22.79370913055732,
    "p50": 23.321816413934066,
    "p90": 36.814028804274024,
    "p95": 38.68685362133256,
    "p99": 40.87439894509849
  }
}