{
  "total_requests": 620,
  "completed_requests": 554,
  "rejected_requests": 0,
  "simulation_time": 60.003270942345175,
  "throughput": {
    "requests_per_sec": 9.232829999089835,
    "tokens_per_sec": 1203.0510814879026
  },
  "xpu_utilization": 1.0,
  "memory": {
    "peak_memory_gb": 148.02171659469604,
    "p95_memory_gb": 118.24267416000366,
    "p50_memory_gb": 65.37190198898315
  },
  "first_token_latency": {
    "mean": 3.0523312428549296,
    "p50": 2.9684440212129672,
    "p90": 5.121166387860583,
    "p95": 5.663888766029507,
    "p99": 6.5970622342277325
  },
  "end_to_end_latency": {
    "mean": 5.376677769736152,
    "p50": 5.251193780473539,
    "p90": 7.963958737072343,
    "p95": 8.557948564413875,
    "p99": 9.367774495685085
  }
}