{
  "total_requests": 620,
  "completed_requests": 413,
  "rejected_requests": 0,
  "simulation_time": 60.02032931314725,
  "throughput": {
    "requests_per_sec": 6.881001899293707,
    "tokens_per_sec": 914.5401337872419
  },
  "xpu_utilization": 1.0,
  "memory": {
    "peak_memory_gb": 191.9189214706421,
    "p95_memory_gb": 191.14433193206787,
    "p50_memory_gb": 124.95799160003662
  },
  "first_token_latency": {
    "mean": 9.155109656066923,
    "p50": 9.156556757253792,
    "p90": 14.31761989522368,
    "p95": 15.17610896836183,
    "p99": 16.060169046843217
  },
  "end_to_end_latency": {
    "mean": 12.277018458008596,
    "p50": 12.694186572488427,
    "p90": 17.83227734171248,
    "p95": 19.264969377953385,
    "p99": 20.43673221226139
  }
}