{
  "total_requests": 620,
  "completed_requests": 580,
  "rejected_requests": 0,
  "simulation_time": 60.00230865684832,
  "throughput": {
    "requests_per_sec": 9.666294730707868,
    "tokens_per_sec": 1295.5501503212186
  },
  "xpu_utilization": 1.0,
  "memory": {
    "peak_memory_gb": 76.73077368736267,
    "p95_memory_gb": 65.30113196372986,
    "p50_memory_gb": 33.10589098930359
  },
  "first_token_latency": {
    "mean": 1.3365579375840861,
    "p50": 1.271302267274713,
    "p90": 2.496658393401178,
    "p95": 2.7525799450671573,
    "p99": 3.0809104800988534
  },
  "end_to_end_latency": {
    "mean": 2.552946727606052,
    "p50": 2.468056693909915,
    "p90": 3.9244878954511457,
    "p95": 4.4560092180634685,
    "p99": 4.817264204990602
  }
}