{
  "total_requests": 609,
  "completed_requests": 250,
  "rejected_requests": 0,
  "simulation_time": 60.020245941932416,
  "throughput": {
    "requests_per_sec": 4.165261172736058,
    "tokens_per_sec": 565.8090777044661
  },
  "xpu_utilization": 1.0,
  "memory": {
    "peak_memory_gb": 79.90517020225525,
    "p95_memory_gb": 79.44822287559509,
    "p50_memory_gb": 59.100547552108765
  },
  "first_token_latency": {
    "mean": 16.381840992398576,
    "p50": 16.06543028927602,
    "p90": 28.25078263530313,
    "p95": 30.286779388898058,
    "p99": 31.594254585414575
  },
  "end_to_end_latency": {
    "mean": 18.82130584473646,
    "p50": 18.856019567237293,
    "p90": 30.313747250586545,
    "p95": 31.74870151875988,
    "p99": 33.68574465179413
  }
}