{
  "total_requests": 609,
  "completed_requests": 166,
  "rejected_requests": 0,
  "simulation_time": 60.00158703874483,
  "throughput": {
    "requests_per_sec": 2.766593488482376,
    "tokens_per_sec": 369.0402386473811
  },
  "xpu_utilization": 1.0,
  "memory": {
    "peak_memory_gb": 79.50012922286987,
    "p95_memory_gb": 79.41218137741089,
    "p50_memory_gb": 61.002856731414795
  },
  "first_token_latency": {
    "mean": 22.3956865077723,
    "p50": 21.717037933307584,
    "p90": 39.369358026719105,
    "p95": 40.210081141997506,
    "p99": 40.614110431216375
  },
  "end_to_end_latency": {
    "mean": 23.63018939651929,
    "p50": 25.124871580603767,
    "p90": 37.410811863881094,
    "p95": 38.32630784383872,
    "p99": 41.04862443932445
  }
}