{
  "total_requests": 609,
  "completed_requests": 57,
  "rejected_requests": 0,
  "simulation_time": 60.03055597398622,
  "throughput": {
    "requests_per_sec": 0.9495164433376315,
    "tokens_per_sec": 131.51635649387018
  },
  "xpu_utilization": 1.0,
  "memory": {
    "peak_memory_gb": 79.44278621673584,
    "p95_memory_gb": 79.34626750946045,
    "p50_memory_gb": 76.49172115325928
  },
  "first_token_latency": {
    "mean": 26.411551181045812,
    "p50": 27.52494673967606,
    "p90": 50.01161169146357,
    "p95": 50.46694141108365,
    "p99": 50.532755519252625
  },
  "end_to_end_latency": {
    "mean": 29.83478278630498,
    "p50": 30.806084994730377,
    "p90": 49.08647356875086,
    "p95": 53.24057157967165,
    "p99": 54.16025122852569
  }
}