{
  "total_requests": 609,
  "completed_requests": 316,
  "rejected_requests": 0,
  "simulation_time": 60.01562188377917,
  "throughput": {
    "requests_per_sec": 5.265295769357136,
    "tokens_per_sec": 696.2020668704089
  },
  "xpu_utilization": 1.0,
  "memory": {
    "peak_memory_gb": 79.61243391036987,
    "p95_memory_gb": 79.45061731338501,
    "p50_memory_gb": 61.744006633758545
  },
  "first_token_latency": {
    "mean": 13.206236118499428,
    "p50": 13.4147192448136,
    "p90": 22.480138644954156,
    "p95": 24.89612823368913,
    "p99": 25.457422993383894
  },
  "end_to_end_latency": {
    "mean": 15.421945611213077,
    "p50": 15.597657064455426,
    "p90": 24.41432192629899,
    "p95": 26.42437166462557,
    "p99": 27.615957999956827
  }
}