{
  "total_requests": 609,
  "completed_requests": 456,
  "rejected_requests": 0,
  "simulation_time": 60.0167580109736,
  "throughput": {
    "requests_per_sec": 7.59787791130977,
    "tokens_per_sec": 997.2214758594074
  },
  "xpu_utilization": 1.0,
  "memory": {
    "peak_memory_gb": 79.84070181846619,
    "p95_memory_gb": 79.73280377388001,
    "p50_memory_gb": 50.140613317489624
  },
  "first_token_latency": {
    "mean": 6.516937281235858,
    "p50": 5.825668015700085,
    "p90": 12.333032757098776,
    "p95": 13.401353710207076,
    "p99": 14.495665509520606
  },
  "end_to_end_latency": {
    "mean": 8.666468902400357,
    "p50": 8.151724018179376,
    "p90": 14.22385162699069,
    "p95": 15.168859385119356,
    "p99": 16.902814180029242
  }
}