{
  "total_requests": 609,
  "completed_requests": 102,
  "rejected_requests": 0,
  "simulation_time": 60.01681954915249,
  "throughput": {
    "requests_per_sec": 1.6995235796602681,
    "tokens_per_sec": 221.9377851085762
  },
  "xpu_utilization": 1.0,
  "memory": {
    "peak_memory_gb": 79.99976253509521,
    "p95_memory_gb": 79.92990779876709,
    "p50_memory_gb": 75.27561092376709
  },
  "first_token_latency": {
    "mean": 24.23629057519201,
    "p50": 24.32680698116002,
    "p90": 42.71554574731946,
    "p95": 46.65775324374618,
    "p99": 47.07474133323378
  },
  "end_to_end_latency": {
    "mean": 26.614893224708844,
    "p50": 26.685272034967873,
    "p90": 45.09019178150325,
    "p95": 48.75893877392658,
    "p99": 50.031731400507795
  }
}