{
  "total_requests": 609,
  "completed_requests": 585,
  "rejected_requests": 0,
  "simulation_time": 60.00693754200656,
  "throughput": {
    "requests_per_sec": 9.748872779759564,
    "tokens_per_sec": 1264.337143465946
  },
  "xpu_utilization": 1.0,
  "memory": {
    "peak_memory_gb": 80.46257376670837,
    "p95_memory_gb": 63.89516358375549,
    "p50_memory_gb": 34.40977168083191
  },
  "first_token_latency": {
    "mean": 1.4324280120392252,
    "p50": 1.3429760599039362,
    "p90": 2.4043503234490293,
    "p95": 2.786278221992678,
    "p99": 3.327829527543613
  },
  "end_to_end_latency": {
    "mean": 2.690857417562418,
    "p50": 2.588854685899804,
    "p90": 4.005935666095582,
    "p95": 4.473583581156696,
    "p99": 5.47586625745053
  }
}