{
  "total_requests": 609,
  "completed_requests": 536,
  "rejected_requests": 0,
  "simulation_time": 60.01224652913014,
  "throughput": {
    "requests_per_sec": 8.931510333308783,
    "tokens_per_sec": 1189.4238947604122
  },
  "xpu_utilization": 1.0,
  "memory": {
    "peak_memory_gb": 131.23306226730347,
    "p95_memory_gb": 126.66835737228394,
    "p50_memory_gb": 69.90361738204956
  },
  "first_token_latency": {
    "mean": 3.4386420871585446,
    "p50": 3.1771491796286,
    "p90": 5.855524945336362,
    "p95": 6.5868575371958755,
    "p99": 7.071714308427442
  },
  "end_to_end_latency": {
    "mean": 5.816505453547797,
    "p50": 5.610265901975596,
    "p90": 8.599204407505571,
    "p95": 9.459156532672418,
    "p99": 10.497041888145848
  }
}