{
  "total_requests": 609,
  "completed_requests": 434,
  "rejected_requests": 0,
  "simulation_time": 62.66635974441042,
  "throughput": {
    "requests_per_sec": 6.925565834206781,
    "tokens_per_sec": 901.6799480687883
  },
  "xpu_utilization": 1.0,
  "memory": {
    "peak_memory_gb": 191.40191555023193,
    "p95_memory_gb": 191.03055477142334,
    "p50_memory_gb": 131.943678855896
  },
  "first_token_latency": {
    "mean": 8.569318919127644,
    "p50": 8.472870520532432,
    "p90": 13.417119432814028,
    "p95": 15.28667657486794,
    "p99": 17.15313712185792
  },
  "end_to_end_latency": {
    "mean": 12.548462117345752,
    "p50": 12.63694560064758,
    "p90": 18.53195955655066,
    "p95": 19.783229748690474,
    "p99": 21.616926006416634
  }
}