{
  "total_requests": 609,
  "completed_requests": 208,
  "rejected_requests": 0,
  "simulation_time": 60.45874076819891,
  "throughput": {
    "requests_per_sec": 3.4403627557755434,
    "tokens_per_sec": 432.609076333218
  },
  "xpu_utilization": 1.0,
  "memory": {
    "peak_memory_gb": 191.95284843444824,
    "p95_memory_gb": 191.773344039917,
    "p50_memory_gb": 166.66703605651855
  },
  "first_token_latency": {
    "mean": 18.947279585735572,
    "p50": 20.082676436138385,
    "p90": 32.035954151769495,
    "p95": 33.06147733808215,
    "p99": 33.636920283626345
  },
  "end_to_end_latency": {
    "mean": 22.871936542966985,
    "p50": 22.782490303973404,
    "p90": 36.31832710788781,
    "p95": 37.61566233126227,
    "p99": 39.03076408435296
  }
}