{
  "total_requests": 618,
  "completed_requests": 255,
  "rejected_requests": 0,
  "simulation_time": 60.026758287372495,
  "throughput": {
    "requests_per_sec": 4.248105466219104,
    "tokens_per_sec": 560.8332177265339
  },
  "xpu_utilization": 1.0,
  "memory": {
    "peak_memory_gb": 79.78929877281189,
    "p95_memory_gb": 79.72131896018982,
    "p50_memory_gb": 55.912463903427124
  },
  "first_token_latency": {
    "mean": 17.683126225647566,
    "p50": 18.362454032551636,
    "p90": 30.612804121402288,
    "p95": 33.14998931577633,
    "p99": 34.382312271698574
  },
  "end_to_end_latency": {
    "mean": 20.009328234003334,
    "p50": 20.006735309532715,
    "p90": 32.103699220249865,
    "p95": 33.45323209709861,
    "p99": 34.79645488883249
  }
}