{
  "total_requests": 618,
  "completed_requests": 58,
  "rejected_requests": 0,
  "simulation_time": 60.015350041176546,
  "throughput": {
    "requests_per_sec": 0.966419423700873,
    "tokens_per_sec": 126.73424373566965
  },
  "xpu_utilization": 1.0,
  "memory": {
    "peak_memory_gb": 79.68080043792725,
    "p95_memory_gb": 79.61988468170166,
    "p50_memory_gb": 76.4909315109253
  },
  "first_token_latency": {
    "mean": 28.3420167253383,
    "p50": 28.988525063364275,
    "p90": 51.12119777023056,
    "p95": 51.515389583780376,
    "p99": 51.71484221014613
  },
  "end_to_end_latency": {
    "mean": 31.1944498918438,
    "p50": 32.25958088072559,
    "p90": 49.76823432016253,
    "p95": 53.03978852549559,
    "p99": 54.869921261540085
  }
}