{
  "total_requests": 618,
  "completed_requests": 174,
  "rejected_requests": 0,
  "simulation_time": 61.49996111446937,
  "throughput": {
    "requests_per_sec": 2.8292700815881044,
    "tokens_per_sec": 373.46365076962974
  },
  "xpu_utilization": 1.0,
  "memory": {
    "peak_memory_gb": 79.85337018966675,
    "p95_memory_gb": 79.54829740524292,
    "p50_memory_gb": 67.14873838424683
  },
  "first_token_latency": {
    "mean": 19.90932513385466,
    "p50": 19.92009789008943,
    "p90": 36.18246589857661,
    "p95": 37.2199243125931,
    "p99": 37.65469989025523
  },
  "end_to_end_latency": {
    "mean": 24.570123387788964,
    "p50": 24.47767505218051,
    "p90": 41.27540834823086,
    "p95": 42.367362609041514,
    "p99": 43.6680787238641
  }
}