{
  "total_requests": 618,
  "completed_requests": 462,
  "rejected_requests": 0,
  "simulation_time": 60.00987335704962,
  "throughput": {
    "requests_per_sec": 7.698733127650016,
    "tokens_per_sec": 1030.197141596492
  },
  "xpu_utilization": 1.0,
  "memory": {
    "peak_memory_gb": 79.84605765342712,
    "p95_memory_gb": 79.05055594444275,
    "p50_memory_gb": 52.07547926902771
  },
  "first_token_latency": {
    "mean": 6.40630945646977,
    "p50": 6.355805599676877,
    "p90": 10.952910248757084,
    "p95": 12.092506500170712,
    "p99": 13.383663385443292
  },
  "end_to_end_latency": {
    "mean": 8.686679354376473,
    "p50": 8.9197642931528,
    "p90": 13.05190090450334,
    "p95": 13.646783641939397,
    "p99": 15.150644379956029
  }
}