{
  "total_requests": 618,
  "completed_requests": 313,
  "rejected_requests": 0,
  "simulation_time": 60.012285799995006,
  "throughput": {
    "requests_per_sec": 5.215598703291286,
    "tokens_per_sec": 712.2208299555148
  },
  "xpu_utilization": 1.0,
  "memory": {
    "peak_memory_gb": 79.94858884811401,
    "p95_memory_gb": 79.4249415397644,
    "p50_memory_gb": 63.83329725265503
  },
  "first_token_latency": {
    "mean": 13.979936424884155,
    "p50": 14.079705573185764,
    "p90": 23.499707798219927,
    "p95": 25.212772545218403,
    "p99": 26.48083457807337
  },
  "end_to_end_latency": {
    "mean": 15.826430304364385,
    "p50": 16.46210653219464,
    "p90": 25.046000147925582,
    "p95": 26.232094651207436,
    "p99": 27.228946004685458
  }
}