{
  "total_requests": 618,
  "completed_requests": 107,
  "rejected_requests": 0,
  "simulation_time": 60.29064019798434,
  "throughput": {
    "requests_per_sec": 1.7747365038525047,
    "tokens_per_sec": 223.91535328980197
  },
  "xpu_utilization": 1.0,
  "memory": {
    "peak_memory_gb": 79.80274868011475,
    "p95_memory_gb": 79.7016176223755,
    "p50_memory_gb": 75.4023962020874
  },
  "first_token_latency": {
    "mean": 25.145152002791853,
    "p50": 26.927986895375483,
    "p90": 43.25367775948479,
    "p95": 46.27922462726621,
    "p99": 47.114633432464956
  },
  "end_to_end_latency": {
    "mean": 27.9272995078415,
    "p50": 28.017140813853622,
    "p90": 46.492992626280056,
    "p95": 48.87399675505117,
    "p99": 50.2507051163922
  }
}