{
  "total_requests": 618,
  "completed_requests": 559,
  "rejected_requests": 0,
  "simulation_time": 60.006348359726175,
  "throughput": {
    "requests_per_sec": 9.31568101176405,
    "tokens_per_sec": 1233.4528266291882
  },
  "xpu_utilization": 1.0,
  "memory": {
    "peak_memory_gb": 131.0313868522644,
    "p95_memory_gb": 115.75177907943726,
    "p50_memory_gb": 73.83948087692261
  },
  "first_token_latency": {
    "mean": 3.1605981689339284,
    "p50": 3.045311162650865,
    "p90": 5.074519881136603,
    "p95": 5.479361201266883,
    "p99": 6.328791542725176
  },
  "end_to_end_latency": {
    "mean": 5.4953217560869545,
    "p50": 5.5258413036687735,
    "p90": 7.766988470074257,
    "p95": 8.2747737741217,
    "p99": 9.536688131159572
  }
}