{
  "total_requests": 618,
  "completed_requests": 209,
  "rejected_requests": 0,
  "simulation_time": 60.0197024209051,
  "throughput": {
    "requests_per_sec": 3.4821898738239074,
    "tokens_per_sec": 478.57618151061206
  },
  "xpu_utilization": 1.0,
  "memory": {
    "peak_memory_gb": 191.99542045593262,
    "p95_memory_gb": 191.66644096374512,
    "p50_memory_gb": 174.799467086792
  },
  "first_token_latency": {
    "mean": 19.83237608908469,
    "p50": 18.874077885764848,
    "p90": 34.592704653217986,
    "p95": 35.615283380963454,
    "p99": 36.323562594740096
  },
  "end_to_end_latency": {
    "mean": 23.173046007453834,
    "p50": 23.123742877630256,
    "p90": 37.11678980321514,
    "p95": 38.86942957336922,
    "p99": 40.43664894223677
  }
}