{
  "total_requests": 618,
  "completed_requests": 588,
  "rejected_requests": 0,
  "simulation_time": 60.00697720699884,
  "throughput": {
    "requests_per_sec": 9.79886052202975,
    "tokens_per_sec": 1285.9504609573942
  },
  "xpu_utilization": 1.0,
  "memory": {
    "peak_memory_gb": 63.51615309715271,
    "p95_memory_gb": 55.622631311416626,
    "p50_memory_gb": 35.2599675655365
  },
  "first_token_latency": {
    "mean": 1.3112734424731174,
    "p50": 1.29630557577228,
    "p90": 2.1188929655586364,
    "p95": 2.3211713314872466,
    "p99": 2.5992500178150477
  },
  "end_to_end_latency": {
    "mean": 2.48814890035123,
    "p50": 2.484410154612591,
    "p90": 3.557888081877822,
    "p95": 3.792814470054168,
    "p99": 4.15041609167244
  }
}