{
  "total_requests": 618,
  "completed_requests": 435,
  "rejected_requests": 0,
  "simulation_time": 60.0186402926233,
  "throughput": {
    "requests_per_sec": 7.2477483308375525,
    "tokens_per_sec": 987.4099065067261
  },
  "xpu_utilization": 1.0,
  "memory": {
    "peak_memory_gb": 191.65699672698975,
    "p95_memory_gb": 190.8961935043335,
    "p50_memory_gb": 137.81402111053467
  },
  "first_token_latency": {
    "mean": 8.753564599328003,
    "p50": 8.860922783614004,
    "p90": 13.700511474542013,
    "p95": 14.663071334368249,
    "p99": 16.62757473735332
  },
  "end_to_end_latency": {
    "mean": 12.357519791675532,
    "p50": 12.456274084735792,
    "p90": 17.769993695516384,
    "p95": 18.6372340258553,
    "p99": 20.273642711436086
  }
}