{
  "total_requests": 581,
  "completed_requests": 577,
  "throughput": {},
  "memory": {},
  "first_token_latency": {
    "mean": 0.23539723563788822,
    "p50": 0.21537026966659845,
    "p90": 0.4310128307904947,
    "p95": 0.47119680411229586,
    "p99": 0.5473616377642282
  },
  "end_to_end_latency": {
    "mean": 0.517844821185773,
    "p50": 0.515930377947166,
    "p90": 0.7608803089306917,
    "p95": 0.8204031034864206,
    "p99": 0.9242734178161756
  }
}