{
  "total_requests": 581,
  "completed_requests": 573,
  "throughput": {},
  "memory": {},
  "first_token_latency": {
    "mean": 0.4646798111035706,
    "p50": 0.4377651127654252,
    "p90": 0.7904280001424816,
    "p95": 0.9333285485345904,
    "p99": 1.0325895070186064
  },
  "end_to_end_latency": {
    "mean": 0.9499172818791751,
    "p50": 0.946744065544245,
    "p90": 1.331977908316853,
    "p95": 1.452406912593622,
    "p99": 1.6957184242241286
  }
}