{
  "total_requests": 581,
  "completed_requests": 465,
  "throughput": {},
  "memory": {},
  "first_token_latency": {
    "mean": 4.63020937648612,
    "p50": 4.461972847299052,
    "p90": 7.467523267086044,
    "p95": 8.719476043515574,
    "p99": 9.735707444072617
  },
  "end_to_end_latency": {
    "mean": 7.025995609048962,
    "p50": 7.114571878941696,
    "p90": 9.895549539575319,
    "p95": 10.84169077796055,
    "p99": 12.189347369915858
  }
}