{
  "total_requests": 581,
  "completed_requests": 257,
  "throughput": {},
  "memory": {},
  "first_token_latency": {
    "mean": 16.61235907682821,
    "p50": 17.538473425012334,
    "p90": 28.087555509582845,
    "p95": 29.421859234443193,
    "p99": 31.05709832464974
  },
  "end_to_end_latency": {
    "mean": 19.067354245867342,
    "p50": 20.135900331253072,
    "p90": 29.91673983372707,
    "p95": 30.860906715285687,
    "p99": 32.4627443450248
  }
}