{
  "total_requests": 581,
  "completed_requests": 558,
  "throughput": {},
  "memory": {},
  "first_token_latency": {
    "mean": 1.1683756994283752,
    "p50": 1.1444879538658412,
    "p90": 2.0001855251934284,
    "p95": 2.196405619192741,
    "p99": 2.4511395795381756
  },
  "end_to_end_latency": {
    "mean": 2.2598143213931743,
    "p50": 2.211895057235101,
    "p90": 3.3208196840242756,
    "p95": 3.638209804321356,
    "p99": 4.1469166466821195
  }
}