{
  "total_requests": 548,
  "completed_requests": 272,
  "rejected_requests": 0,
  "simulation_time": 60.45359698233287,
  "throughput": {
    "requests_per_sec": 4.499318710175179,
    "tokens_per_sec": 552.80416167406
  },
  "xpu_utilization": 1.0,
  "memory": {
    "peak_memory_gb": 79.90609335899353,
    "p95_memory_gb": 79.74754118919373,
    "p50_memory_gb": 51.35845160484314
  },
  "first_token_latency": {
    "mean": 12.58733264162548,
    "p50": 12.441898105426173,
    "p90": 22.4887299034474,
    "p95": 23.670020403882983,
    "p99": 24.943421077664446
  },
  "end_to_end_latency": {
    "mean": 16.69685900947887,
    "p50": 16.293628821922898,
    "p90": 26.798250098018503,
    "p95": 27.966271704510074,
    "p99": 29.965922223310844
  }
}