{
  "total_requests": 548,
  "completed_requests": 170,
  "rejected_requests": 0,
  "simulation_time": 60.009411520657785,
  "throughput": {
    "requests_per_sec": 2.8328889701156093,
    "tokens_per_sec": 380.64029326694555
  },
  "xpu_utilization": 1.0,
  "memory": {
    "peak_memory_gb": 79.22340726852417,
    "p95_memory_gb": 79.16501951217651,
    "p50_memory_gb": 63.93311262130737
  },
  "first_token_latency": {
    "mean": 19.458606418031902,
    "p50": 19.135463465790977,
    "p90": 33.682921667452874,
    "p95": 35.19738770052667,
    "p99": 36.1300136144435
  },
  "end_to_end_latency": {
    "mean": 21.797735493970627,
    "p50": 22.30587510774759,
    "p90": 34.13181843249533,
    "p95": 36.23935030172,
    "p99": 37.82745727887591
  }
}