{
  "total_requests": 548,
  "completed_requests": 54,
  "rejected_requests": 0,
  "simulation_time": 60.01540753657613,
  "throughput": {
    "requests_per_sec": 0.8997689462841677,
    "tokens_per_sec": 127.83383992392842
  },
  "xpu_utilization": 1.0,
  "memory": {
    "peak_memory_gb": 79.66012477874756,
    "p95_memory_gb": 79.45165424346924,
    "p50_memory_gb": 76.18469142913818
  },
  "first_token_latency": {
    "mean": 26.79504766986602,
    "p50": 27.125336050604957,
    "p90": 49.2968227063996,
    "p95": 49.619201023013886,
    "p99": 50.59041093929952
  },
  "end_to_end_latency": {
    "mean": 28.587635029093278,
    "p50": 28.610296449787988,
    "p90": 48.13682131756547,
    "p95": 49.00611110819291,
    "p99": 51.12317822864836
  }
}