{
  "total_requests": 548,
  "completed_requests": 474,
  "rejected_requests": 0,
  "simulation_time": 60.002003901044326,
  "throughput": {
    "requests_per_sec": 7.899736161840923,
    "tokens_per_sec": 988.8503073639399
  },
  "xpu_utilization": 1.0,
  "memory": {
    "peak_memory_gb": 79.92041373252869,
    "p95_memory_gb": 78.50251364707945,
    "p50_memory_gb": 45.31250834465027
  },
  "first_token_latency": {
    "mean": 3.258133576413534,
    "p50": 3.0376459003443443,
    "p90": 5.933368158011116,
    "p95": 6.54784124473863,
    "p99": 7.478280621586916
  },
  "end_to_end_latency": {
    "mean": 5.637042548412245,
    "p50": 5.4662343416809005,
    "p90": 8.925262332129662,
    "p95": 9.566541808050847,
    "p99": 10.48322061556533
  }
}