{
  "total_requests": 548,
  "completed_requests": 333,
  "rejected_requests": 0,
  "simulation_time": 60.01937375544139,
  "throughput": {
    "requests_per_sec": 5.548208506087754,
    "tokens_per_sec": 707.7548021924976
  },
  "xpu_utilization": 1.0,
  "memory": {
    "peak_memory_gb": 79.89499235153198,
    "p95_memory_gb": 79.55757856369019,
    "p50_memory_gb": 64.34151411056519
  },
  "first_token_latency": {
    "mean": 10.273976140878109,
    "p50": 9.939767686653862,
    "p90": 18.36742740082351,
    "p95": 19.474611897104182,
    "p99": 21.51510530054218
  },
  "end_to_end_latency": {
    "mean": 12.178261575546543,
    "p50": 11.922436431008748,
    "p90": 19.91967850741761,
    "p95": 20.938479683391613,
    "p99": 22.4854248458136
  }
}