{
  "total_requests": 548,
  "completed_requests": 105,
  "rejected_requests": 0,
  "simulation_time": 60.022918913264476,
  "throughput": {
    "requests_per_sec": 1.7493317869417382,
    "tokens_per_sec": 225.0640296171042
  },
  "xpu_utilization": 1.0,
  "memory": {
    "peak_memory_gb": 79.97949123382568,
    "p95_memory_gb": 79.76051998138428,
    "p50_memory_gb": 75.49872493743896
  },
  "first_token_latency": {
    "mean": 24.347317960869525,
    "p50": 25.020218235070026,
    "p90": 41.57727944136664,
    "p95": 45.140332502458875,
    "p99": 45.39613739868727
  },
  "end_to_end_latency": {
    "mean": 25.372876527383426,
    "p50": 25.80524779105298,
    "p90": 41.80221944723991,
    "p95": 43.91232546188207,
    "p99": 44.9023245912866
  }
}