{
  "total_requests": 548,
  "completed_requests": 207,
  "rejected_requests": 0,
  "simulation_time": 60.003278861477796,
  "throughput": {
    "requests_per_sec": 3.449811475767441,
    "tokens_per_sec": 451.4919936715736
  },
  "xpu_utilization": 1.0,
  "memory": {
    "peak_memory_gb": 191.86761283874512,
    "p95_memory_gb": 191.67003288269044,
    "p50_memory_gb": 168.01794242858887
  },
  "first_token_latency": {
    "mean": 18.533501124214492,
    "p50": 17.52526812716183,
    "p90": 31.635151132745808,
    "p95": 32.813487544866355,
    "p99": 33.28637578229723
  },
  "end_to_end_latency": {
    "mean": 20.085798480665567,
    "p50": 19.320216325864635,
    "p90": 31.217256123052962,
    "p95": 32.51689677528066,
    "p99": 34.27070206188997
  }
}