{
  "total_requests": 548,
  "completed_requests": 491,
  "rejected_requests": 0,
  "simulation_time": 60.01214206389331,
  "throughput": {
    "requests_per_sec": 8.181677625791886,
    "tokens_per_sec": 1055.153137719743
  },
  "xpu_utilization": 1.0,
  "memory": {
    "peak_memory_gb": 101.03157758712769,
    "p95_memory_gb": 90.0315318107605,
    "p50_memory_gb": 59.10495710372925
  },
  "first_token_latency": {
    "mean": 2.3225871900506383,
    "p50": 2.255453300981344,
    "p90": 3.7721315181975412,
    "p95": 4.245127794492682,
    "p99": 4.741352670004127
  },
  "end_to_end_latency": {
    "mean": 4.063116558167384,
    "p50": 3.9935654262158593,
    "p90": 5.8328563481525855,
    "p95": 6.310183364136488,
    "p99": 6.814990025898461
  }
}