{
  "total_requests": 548,
  "completed_requests": 518,
  "rejected_requests": 0,
  "simulation_time": 60.00720742609034,
  "throughput": {
    "requests_per_sec": 8.632296389363063,
    "tokens_per_sec": 1095.2184382342275
  },
  "xpu_utilization": 1.0,
  "memory": {
    "peak_memory_gb": 51.55033850669861,
    "p95_memory_gb": 44.84616599082947,
    "p50_memory_gb": 28.444150686264038
  },
  "first_token_latency": {
    "mean": 0.9587977998662902,
    "p50": 0.8979309476323856,
    "p90": 1.6642067784085768,
    "p95": 1.8119451554058694,
    "p99": 2.067597074209036
  },
  "end_to_end_latency": {
    "mean": 1.8783915007889258,
    "p50": 1.8442398161205942,
    "p90": 2.7362979290662572,
    "p95": 2.9506768125952174,
    "p99": 3.269748712533703
  }
}