{
  "total_requests": 548,
  "completed_requests": 428,
  "rejected_requests": 0,
  "simulation_time": 61.625257636747406,
  "throughput": {
    "requests_per_sec": 6.94520422977967,
    "tokens_per_sec": 858.8361660404645
  },
  "xpu_utilization": 1.0,
  "memory": {
    "peak_memory_gb": 191.99982357025146,
    "p95_memory_gb": 190.24932765960693,
    "p50_memory_gb": 115.249342918396
  },
  "first_token_latency": {
    "mean": 6.3912790542687565,
    "p50": 6.493783882880099,
    "p90": 10.177585736935495,
    "p95": 11.397972368751331,
    "p99": 12.41118772446389
  },
  "end_to_end_latency": {
    "mean": 9.885774935376185,
    "p50": 9.997071032572737,
    "p90": 14.410241519236656,
    "p95": 15.64640024745188,
    "p99": 17.477552397757137
  }
}