{
  "total_requests": 562,
  "completed_requests": 55,
  "rejected_requests": 0,
  "simulation_time": 60.018360336304134,
  "throughput": {
    "requests_per_sec": 0.916386247338573,
    "tokens_per_sec": 118.06387179347506
  },
  "xpu_utilization": 1.0,
  "memory": {
    "peak_memory_gb": 79.91316890716553,
    "p95_memory_gb": 79.83250484466552,
    "p50_memory_gb": 74.22605037689209
  },
  "first_token_latency": {
    "mean": 27.46497566309155,
    "p50": 28.692054984685505,
    "p90": 50.00817433111229,
    "p95": 50.30554244341054,
    "p99": 50.39797969759684
  },
  "end_to_end_latency": {
    "mean": 28.292451658979893,
    "p50": 28.707652029791472,
    "p90": 46.75152141509116,
    "p95": 49.174542797616056,
    "p99": 50.34671922826406
  }
}