{
  "total_requests": 562,
  "completed_requests": 172,
  "rejected_requests": 0,
  "simulation_time": 60.0244452195,
  "throughput": {
    "requests_per_sec": 2.8654992040496654,
    "tokens_per_sec": 375.9968112569587
  },
  "xpu_utilization": 1.0,
  "memory": {
    "peak_memory_gb": 79.79592084884644,
    "p95_memory_gb": 79.74934339523315,
    "p50_memory_gb": 63.29699659347534
  },
  "first_token_latency": {
    "mean": 21.188337215678217,
    "p50": 20.264159524909214,
    "p90": 38.23187910306369,
    "p95": 39.152532600868525,
    "p99": 39.81941245279986
  },
  "end_to_end_latency": {
    "mean": 23.321674686745276,
    "p50": 23.810756281749146,
    "p90": 38.28847149323706,
    "p95": 39.21018826709121,
    "p99": 41.13094828722106
  }
}