{
  "total_requests": 562,
  "completed_requests": 257,
  "rejected_requests": 0,
  "simulation_time": 60.00077628770378,
  "throughput": {
    "requests_per_sec": 4.283277915733702,
    "tokens_per_sec": 579.3091714902248
  },
  "xpu_utilization": 1.0,
  "memory": {
    "peak_memory_gb": 79.98235869407654,
    "p95_memory_gb": 79.49467301368713,
    "p50_memory_gb": 55.70627951622009
  },
  "first_token_latency": {
    "mean": 14.747569019372264,
    "p50": 14.955458245721669,
    "p90": 27.244665599438477,
    "p95": 28.058271492500435,
    "p99": 29.211548325672165
  },
  "end_to_end_latency": {
    "mean": 17.74556532122972,
    "p50": 18.516592223077147,
    "p90": 28.938820794005856,
    "p95": 30.15861154978538,
    "p99": 31.651118924129268
  }
}