{
  "total_requests": 581,
  "completed_requests": 573,
  "rejected_requests": 0,
  "simulation_time": 60.0024252932555,
  "throughput": {
    "requests_per_sec": 9.549613989759967,
    "tokens_per_sec": 1230.2836033579072
  },
  "xpu_utilization": 1.0,
  "memory": {
    "peak_memory_gb": 19.044798851013184,
    "p95_memory_gb": 17.024904108047487,
    "p50_memory_gb": 14.60893726348877
  },
  "first_token_latency": {
    "mean": 0.4646798111035706,
    "p50": 0.4377651127654252,
    "p90": 0.7904280001424816,
    "p95": 0.9333285485345904,
    "p99": 1.0325895070186064
  },
  "end_to_end_latency": {
    "mean": 0.9499172818791751,
    "p50": 0.946744065544245,
    "p90": 1.331977908316853,
    "p95": 1.452406912593622,
    "p99": 1.6957184242241286
  }
}