{
  "total_requests": 581,
  "completed_requests": 559,
  "rejected_requests": 0,
  "simulation_time": 60.00256514059978,
  "throughput": {
    "requests_per_sec": 9.316268374362576,
    "tokens_per_sec": 1212.7148202663097
  },
  "xpu_utilization": 1.0,
  "memory": {
    "peak_memory_gb": 25.469457626342773,
    "p95_memory_gb": 22.481839179992676,
    "p50_memory_gb": 17.1016263961792
  },
  "first_token_latency": {
    "mean": 1.6117689557650097,
    "p50": 1.5853705997352974,
    "p90": 2.6142210118254545,
    "p95": 2.8722608853941796,
    "p99": 3.191453088225864
  },
  "end_to_end_latency": {
    "mean": 2.6313674160339904,
    "p50": 2.6168528365866113,
    "p90": 3.781794844570476,
    "p95": 4.149501649404172,
    "p99": 4.533369041932234
  }
}