{
  "total_requests": 581,
  "completed_requests": 465,
  "rejected_requests": 0,
  "simulation_time": 60.01389236535194,
  "throughput": {
    "requests_per_sec": 7.748205984860603,
    "tokens_per_sec": 1030.0115117293724
  },
  "xpu_utilization": 1.0,
  "memory": {
    "peak_memory_gb": 79.9323308467865,
    "p95_memory_gb": 79.36013007164001,
    "p50_memory_gb": 51.32382941246033
  },
  "first_token_latency": {
    "mean": 4.63020937648612,
    "p50": 4.461972847299052,
    "p90": 7.467523267086044,
    "p95": 8.719476043515574,
    "p99": 9.735707444072617
  },
  "end_to_end_latency": {
    "mean": 7.025995609048962,
    "p50": 7.114571878941696,
    "p90": 9.895549539575319,
    "p95": 10.84169077796055,
    "p99": 12.189347369915858
  }
}