{
  "total_requests": 581,
  "completed_requests": 558,
  "rejected_requests": 0,
  "simulation_time": 60.005591837697565,
  "throughput": {
    "requests_per_sec": 9.299133345926693,
    "tokens_per_sec": 1212.603655286136
  },
  "xpu_utilization": 1.0,
  "memory": {
    "peak_memory_gb": 71.25365614891052,
    "p95_memory_gb": 53.851496648788455,
    "p50_memory_gb": 32.05164313316345
  },
  "first_token_latency": {
    "mean": 1.1683756994283752,
    "p50": 1.1444879538658412,
    "p90": 2.0001855251934284,
    "p95": 2.196405619192741,
    "p99": 2.4511395795381756
  },
  "end_to_end_latency": {
    "mean": 2.2598143213931743,
    "p50": 2.211895057235101,
    "p90": 3.3208196840242756,
    "p95": 3.638209804321356,
    "p99": 4.1469166466821195
  }
}