{
  "total_requests": 581,
  "completed_requests": 577,
  "rejected_requests": 0,
  "simulation_time": 60.00192344731967,
  "throughput": {
    "requests_per_sec": 9.616358390687141,
    "tokens_per_sec": 1235.2770668272794
  },
  "xpu_utilization": 1.0,
  "memory": {
    "peak_memory_gb": 17.793718338012695,
    "p95_memory_gb": 15.383800315856934,
    "p50_memory_gb": 13.846224784851074
  },
  "first_token_latency": {
    "mean": 0.23539723563788822,
    "p50": 0.21537026966659845,
    "p90": 0.4310128307904947,
    "p95": 0.47119680411229586,
    "p99": 0.5473616377642282
  },
  "end_to_end_latency": {
    "mean": 0.517844821185773,
    "p50": 0.515930377947166,
    "p90": 0.7608803089306917,
    "p95": 0.8204031034864206,
    "p99": 0.9242734178161756
  }
}