{
  "total_requests": 581,
  "completed_requests": 257,
  "rejected_requests": 0,
  "simulation_time": 60.00833806744429,
  "throughput": {
    "requests_per_sec": 4.282738170671445,
    "tokens_per_sec": 568.7376304546527
  },
  "xpu_utilization": 1.0,
  "memory": {
    "peak_memory_gb": 79.4055802822113,
    "p95_memory_gb": 78.91727633476258,
    "p50_memory_gb": 55.73834586143494
  },
  "first_token_latency": {
    "mean": 16.61235907682821,
    "p50": 17.538473425012334,
    "p90": 28.087555509582845,
    "p95": 29.421859234443193,
    "p99": 31.05709832464974
  },
  "end_to_end_latency": {
    "mean": 19.067354245867342,
    "p50": 20.135900331253072,
    "p90": 29.91673983372707,
    "p95": 30.860906715285687,
    "p99": 32.4627443450248
  }
}